Time,RPM,MPH,Throttle,Load,Fuel Status,Dtc status,Dtc ff,Fuel status,Load,Temp,Short-term fuel trim 1, Long-term fuel trim 1,Short-term fuel trim 2",Long-term fuel trim 2,Fuel pressure,Manifold pressure,RPM,Speed,Timing advance,Intake air temp,MAF,Throttle pos,Secondary air status,O2 sensor positions,o211,o212,o213,o214,o221,o222,o223,o224,Obd standard,O2 sensor position b,AUX input,Engine time,Engine mil time
23:4:54.259364,854,3.72902423866,NODATA,41.9607843137,NODATA,#,NODATA,NODATA,87.4509803922,172,NODATA,NODATA,NODATA,NODATA,NODATA,1723.66243795,810,6.21504039776,NODATA,109,0.9722286,NODATA,NODATA,NODATA,NODATA,NODATA,NODATA,NODATA,NODATA,NODATA,NODATA,NODATA,06,NODATA,NODATA,NODATA,NODATA
23:4:59.963374,855,6.21504039776,NODATA,50.5882352941,NODATA,#,NODATA,NODATA,46.6666666667,172,NODATA,NODATA,NODATA,NODATA,NODATA,1723.66243795,829,6.83654443754,NODATA,109,1.04365764,NODATA,NODATA,NODATA,NODATA,NODATA,NODATA,NODATA,NODATA,NODATA,NODATA,NODATA,06,NODATA,NODATA,NODATA,NODATA
23:5:5.546028,1591,14.2945929149,NODATA,73.7254901961,NODATA,#,NODATA,NODATA,84.7058823529,174,NODATA,NODATA,NODATA,NODATA,NODATA,1723.66243795,2485,21.7526413922,NODATA,107,6.12305604,NODATA,NODATA,NODATA,NODATA,NODATA,NODATA,NODATA,NODATA,NODATA,NODATA,NODATA,06,NODATA,NODATA,NODATA,NODATA
23:5:11.89749,852,14.2945929149,NODATA,43.9215686275,NODATA,#,NODATA,NODATA,44.3137254902,174,NODATA,NODATA,NODATA,NODATA,NODATA,1723.66243795,974,7.45804847732,NODATA,105,1.27117236,NODATA,NODATA,NODATA,NODATA,NODATA,NODATA,NODATA,NODATA,NODATA,NODATA,NODATA,06,NODATA,NODATA,NODATA,NODATA
23:5:16.605734,1125,9.94406463642,NODATA,78.0392156863,NODATA,#,NODATA,NODATA,71.7647058824,176,NODATA,NODATA,NODATA,NODATA,NODATA,1723.66243795,1490,13.0515848353,NODATA,105,2.41535976,NODATA,NODATA,NODATA,NODATA,NODATA,NODATA,NODATA,NODATA,NODATA,NODATA,NODATA,06,NODATA,NODATA,NODATA,NODATA
23:5:22.134330,836,2.48601615911,NODATA,46.2745098039,NODATA,#,NODATA,NODATA,42.3529411765,176,NODATA,NODATA,NODATA,NODATA,NODATA,1723.66243795,828,0.0,NODATA,105,0.95635548,NODATA,NODATA,NODATA,NODATA,NODATA,NODATA,NODATA,NODATA,NODATA,NODATA,NODATA,06,NODATA,NODATA,NODATA,NODATA
23:5:27.644274,1583,6.83654443754,NODATA,65.8823529412,NODATA,#,NODATA,NODATA,79.2156862745,177,NODATA,NODATA,NODATA,NODATA,NODATA,1723.66243795,1759,12.4300807955,NODATA,105,2.3016024,NODATA,NODATA,NODATA,NODATA,NODATA,NODATA,NODATA,NODATA,NODATA,NODATA,NODATA,06,NODATA,NODATA,NODATA,NODATA
23:5:33.149119,2145,19.2666252331,NODATA,94.5098039216,NODATA,#,NODATA,NODATA,0.392156862745,177,NODATA,NODATA,NODATA,NODATA,NODATA,1723.66243795,1621,21.7526413922,NODATA,104,2.92859064,NODATA,NODATA,NODATA,NODATA,NODATA,NODATA,NODATA,NODATA,NODATA,NODATA,NODATA,06,NODATA,NODATA,NODATA,NODATA
23:5:38.671483,870,18.0236171535,NODATA,38.0392156863,NODATA,#,NODATA,NODATA,38.431372549,179,NODATA,NODATA,NODATA,NODATA,NODATA,1723.66243795,1083,10.5655686762,NODATA,102,1.38625248,NODATA,NODATA,NODATA,NODATA,NODATA,NODATA,NODATA,NODATA,NODATA,NODATA,NODATA,06,NODATA,NODATA,NODATA,NODATA
23:5:44.183933,703,6.83654443754,NODATA,74.9019607843,NODATA,#,NODATA,NODATA,83.5294117647,181,NODATA,NODATA,NODATA,NODATA,NODATA,1723.66243795,1005,8.70105655687,NODATA,104,1.36112004,NODATA,NODATA,NODATA,NODATA,NODATA,NODATA,NODATA,NODATA,NODATA,NODATA,NODATA,06,NODATA,NODATA,NODATA,NODATA
23:5:49.701150,1774,15.5376009944,NODATA,85.4901960784,NODATA,#,NODATA,NODATA,3.13725490196,183,NODATA,NODATA,NODATA,NODATA,NODATA,1723.66243795,1308,17.4021131137,NODATA,102,2.116416,NODATA,NODATA,NODATA,NODATA,NODATA,NODATA,NODATA,NODATA,NODATA,NODATA,NODATA,06,NODATA,NODATA,NODATA,NODATA
23:5:55.223900,862,9.94406463642,NODATA,26.6666666667,NODATA,#,NODATA,NODATA,29.0196078431,185,NODATA,NODATA,NODATA,NODATA,NODATA,1723.66243795,781,6.83654443754,NODATA,102,0.88228092,NODATA,NODATA,NODATA,NODATA,NODATA,NODATA,NODATA,NODATA,NODATA,NODATA,NODATA,06,NODATA,NODATA,NODATA,NODATA
23:6:0.748567,1410,12.4300807955,NODATA,70.1960784314,NODATA,#,NODATA,NODATA,76.862745098,186,NODATA,NODATA,NODATA,NODATA,NODATA,1723.66243795,1985,18.0236171535,NODATA,102,4.47357432,NODATA,NODATA,NODATA,NODATA,NODATA,NODATA,NODATA,NODATA,NODATA,NODATA,NODATA,06,NODATA,NODATA,NODATA,NODATA
23:6:6.272068,1729,23.6171535115,NODATA,87.0588235294,NODATA,#,NODATA,NODATA,86.2745098039,186,NODATA,NODATA,NODATA,NODATA,NODATA,1723.66243795,1281,19.2666252331,NODATA,100,1.25397648,NODATA,NODATA,NODATA,NODATA,NODATA,NODATA,NODATA,NODATA,NODATA,NODATA,NODATA,06,NODATA,NODATA,NODATA,NODATA
23:6:11.792478,1255,11.187072716,NODATA,72.1568627451,NODATA,#,NODATA,NODATA,73.3333333333,186,NODATA,NODATA,NODATA,NODATA,NODATA,1723.66243795,1441,14.9160969546,NODATA,100,1.48942776,NODATA,NODATA,NODATA,NODATA,NODATA,NODATA,NODATA,NODATA,NODATA,NODATA,NODATA,06,NODATA,NODATA,NODATA,NODATA
23:6:17.300094,860,8.70105655687,NODATA,42.3529411765,NODATA,#,NODATA,NODATA,42.7450980392,185,NODATA,NODATA,NODATA,NODATA,NODATA,1723.66243795,837,6.83654443754,NODATA,102,0.82143396,NODATA,NODATA,NODATA,NODATA,NODATA,NODATA,NODATA,NODATA,NODATA,NODATA,NODATA,06,NODATA,NODATA,NODATA,NODATA
23:6:22.810309,1508,13.6730888751,NODATA,70.9803921569,NODATA,#,NODATA,NODATA,85.0980392157,183,NODATA,NODATA,NODATA,NODATA,NODATA,1723.66243795,1569,18.6451211933,NODATA,100,2.38890456,NODATA,NODATA,NODATA,NODATA,NODATA,NODATA,NODATA,NODATA,NODATA,NODATA,NODATA,06,NODATA,NODATA,NODATA,NODATA
23:6:28.331447,1831,24.8601615911,NODATA,88.2352941176,NODATA,#,NODATA,NODATA,91.7647058824,181,NODATA,NODATA,NODATA,NODATA,NODATA,1723.66243795,956,24.2386575513,NODATA,100,1.09524528,NODATA,NODATA,NODATA,NODATA,NODATA,NODATA,NODATA,NODATA,NODATA,NODATA,NODATA,06,NODATA,NODATA,NODATA,NODATA
23:6:33.840063,1490,15.5376009944,NODATA,61.568627451,NODATA,#,NODATA,NODATA,74.1176470588,181,NODATA,NODATA,NODATA,NODATA,NODATA,1723.66243795,1460,19.8881292728,NODATA,100,2.39155008,NODATA,NODATA,NODATA,NODATA,NODATA,NODATA,NODATA,NODATA,NODATA,NODATA,NODATA,06,NODATA,NODATA,NODATA,NODATA
23:6:39.357503,834,16.1591050342,NODATA,29.8039215686,NODATA,#,NODATA,NODATA,29.8039215686,183,NODATA,NODATA,NODATA,NODATA,NODATA,1723.66243795,1284,9.94406463642,NODATA,100,1.37302488,NODATA,NODATA,NODATA,NODATA,NODATA,NODATA,NODATA,NODATA,NODATA,NODATA,NODATA,06,NODATA,NODATA,NODATA,NODATA
23:6:44.861992,1852,16.1591050342,NODATA,87.4509803922,NODATA,#,NODATA,NODATA,0.0,183,NODATA,NODATA,NODATA,NODATA,NODATA,1723.66243795,1518,19.8881292728,NODATA,98,2.54763576,NODATA,NODATA,NODATA,NODATA,NODATA,NODATA,NODATA,NODATA,NODATA,NODATA,NODATA,06,NODATA,NODATA,NODATA,NODATA
23:6:50.376034,1522,21.1311373524,NODATA,73.7254901961,NODATA,#,NODATA,NODATA,84.7058823529,185,NODATA,NODATA,NODATA,NODATA,NODATA,1723.66243795,1944,26.1031696706,NODATA,98,4.365108,NODATA,NODATA,NODATA,NODATA,NODATA,NODATA,NODATA,NODATA,NODATA,NODATA,NODATA,06,NODATA,NODATA,NODATA,NODATA
23:6:55.885706,0,3.10752019888,NODATA,0.0,NODATA,#,NODATA,NODATA,0.0,183,NODATA,NODATA,NODATA,NODATA,NODATA,1723.66243795,0,1.24300807955,NODATA,104,0.18254088,NODATA,NODATA,NODATA,NODATA,NODATA,NODATA,NODATA,NODATA,NODATA,NODATA,NODATA,06,NODATA,NODATA,NODATA,NODATA
23:7:1.398106,236,0.621504039776,NODATA,7.05882352941,NODATA,#,NODATA,NODATA,21.1764705882,183,NODATA,NODATA,NODATA,NODATA,NODATA,1723.66243795,1081,4.97203231821,NODATA,104,1.7394294,NODATA,NODATA,NODATA,NODATA,NODATA,NODATA,NODATA,NODATA,NODATA,NODATA,NODATA,06,NODATA,NODATA,NODATA,NODATA
23:7:6.907662,1884,16.780609074,NODATA,87.4509803922,NODATA,#,NODATA,NODATA,1.56862745098,183,NODATA,NODATA,NODATA,NODATA,NODATA,1723.66243795,1629,22.3741454319,NODATA,100,3.04499352,NODATA,NODATA,NODATA,NODATA,NODATA,NODATA,NODATA,NODATA,NODATA,NODATA,NODATA,06,NODATA,NODATA,NODATA,NODATA
23:7:12.416526,858,11.8085767557,NODATA,38.8235294118,NODATA,#,NODATA,NODATA,38.8235294118,183,NODATA,NODATA,NODATA,NODATA,NODATA,1723.66243795,848,3.72902423866,NODATA,98,0.7738146,NODATA,NODATA,NODATA,NODATA,NODATA,NODATA,NODATA,NODATA,NODATA,NODATA,NODATA,06,NODATA,NODATA,NODATA,NODATA
23:7:17.945210,1179,4.97203231821,NODATA,70.5882352941,NODATA,#,NODATA,NODATA,65.8823529412,183,NODATA,NODATA,NODATA,NODATA,NODATA,1723.66243795,2814,13.0515848353,NODATA,98,7.61512932,NODATA,NODATA,NODATA,NODATA,NODATA,NODATA,NODATA,NODATA,NODATA,NODATA,NODATA,06,NODATA,NODATA,NODATA,NODATA
23:7:23.451429,2136,18.6451211933,NODATA,61.9607843137,NODATA,#,NODATA,NODATA,87.0588235294,183,NODATA,NODATA,NODATA,NODATA,NODATA,1723.66243795,2306,22.9956494717,NODATA,98,3.3333552,NODATA,NODATA,NODATA,NODATA,NODATA,NODATA,NODATA,NODATA,NODATA,NODATA,NODATA,06,NODATA,NODATA,NODATA,NODATA
23:7:28.967082,1959,26.7246737104,NODATA,96.0784313725,NODATA,#,NODATA,NODATA,38.8235294118,181,NODATA,NODATA,NODATA,NODATA,NODATA,1723.66243795,919,22.3741454319,NODATA,96,0.9391596,NODATA,NODATA,NODATA,NODATA,NODATA,NODATA,NODATA,NODATA,NODATA,NODATA,NODATA,06,NODATA,NODATA,NODATA,NODATA
23:7:34.478750,1799,16.1591050342,NODATA,85.8823529412,NODATA,#,NODATA,NODATA,93.3333333333,183,NODATA,NODATA,NODATA,NODATA,NODATA,1723.66243795,2629,23.6171535115,NODATA,96,6.85586508,NODATA,NODATA,NODATA,NODATA,NODATA,NODATA,NODATA,NODATA,NODATA,NODATA,NODATA,06,NODATA,NODATA,NODATA,NODATA
23:7:39.995996,2235,30.453697949,NODATA,100.0,NODATA,#,NODATA,NODATA,0.0,183,NODATA,NODATA,NODATA,NODATA,NODATA,1723.66243795,844,19.8881292728,NODATA,96,0.95370996,NODATA,NODATA,NODATA,NODATA,NODATA,NODATA,NODATA,NODATA,NODATA,NODATA,NODATA,06,NODATA,NODATA,NODATA,NODATA
23:7:45.508384,678,5.59353635799,NODATA,80.7843137255,NODATA,#,NODATA,NODATA,78.8235294118,185,NODATA,NODATA,NODATA,NODATA,NODATA,1723.66243795,807,6.83654443754,NODATA,96,0.8333388,NODATA,NODATA,NODATA,NODATA,NODATA,NODATA,NODATA,NODATA,NODATA,NODATA,NODATA,06,NODATA,NODATA,NODATA,NODATA
23:7:51.25751,1157,9.94406463642,NODATA,74.9019607843,NODATA,#,NODATA,NODATA,69.0196078431,185,NODATA,NODATA,NODATA,NODATA,NODATA,1723.66243795,863,10.5655686762,NODATA,96,0.9127044,NODATA,NODATA,NODATA,NODATA,NODATA,NODATA,NODATA,NODATA,NODATA,NODATA,NODATA,06,NODATA,NODATA,NODATA,NODATA
23:7:56.543084,1624,14.2945929149,NODATA,81.9607843137,NODATA,#,NODATA,NODATA,86.2745098039,185,NODATA,NODATA,NODATA,NODATA,NODATA,1723.66243795,2408,21.7526413922,NODATA,96,6.23416788,NODATA,NODATA,NODATA,NODATA,NODATA,NODATA,NODATA,NODATA,NODATA,NODATA,NODATA,06,NODATA,NODATA,NODATA,NODATA
23:8:2.64995,2436,32.9397141081,NODATA,100.0,NODATA,#,NODATA,NODATA,100.0,185,NODATA,NODATA,NODATA,NODATA,NODATA,1723.66243795,2886,39.1547545059,NODATA,95,6.04765872,NODATA,NODATA,NODATA,NODATA,NODATA,NODATA,NODATA,NODATA,NODATA,NODATA,NODATA,06,NODATA,NODATA,NODATA,NODATA
23:8:7.574145,2579,34.8042262275,NODATA,100.0,NODATA,#,NODATA,NODATA,16.0784313725,183,NODATA,NODATA,NODATA,NODATA,NODATA,1723.66243795,2479,33.5612181479,NODATA,95,2.61377376,NODATA,NODATA,NODATA,NODATA,NODATA,NODATA,NODATA,NODATA,NODATA,NODATA,NODATA,06,NODATA,NODATA,NODATA,NODATA
23:8:13.91441,2250,30.453697949,NODATA,0.0,NODATA,#,NODATA,NODATA,0.0,185,NODATA,NODATA,NODATA,NODATA,NODATA,1723.66243795,865,23.6171535115,NODATA,95,0.85582572,NODATA,NODATA,NODATA,NODATA,NODATA,NODATA,NODATA,NODATA,NODATA,NODATA,NODATA,06,NODATA,NODATA,NODATA,NODATA
23:8:18.596250,788,7.45804847732,NODATA,72.9411764706,NODATA,#,NODATA,NODATA,73.3333333333,185,NODATA,NODATA,NODATA,NODATA,NODATA,1723.66243795,1169,9.94406463642,NODATA,96,1.59128028,NODATA,NODATA,NODATA,NODATA,NODATA,NODATA,NODATA,NODATA,NODATA,NODATA,NODATA,06,NODATA,NODATA,NODATA,NODATA
23:8:24.104870,984,8.70105655687,NODATA,78.431372549,NODATA,#,NODATA,NODATA,75.2941176471,185,NODATA,NODATA,NODATA,NODATA,NODATA,1723.66243795,1407,12.4300807955,NODATA,96,2.32012104,NODATA,NODATA,NODATA,NODATA,NODATA,NODATA,NODATA,NODATA,NODATA,NODATA,NODATA,06,NODATA,NODATA,NODATA,NODATA
23:8:29.614917,2500,22.3741454319,NODATA,100.0,NODATA,#,NODATA,NODATA,100.0,185,NODATA,NODATA,NODATA,NODATA,NODATA,1723.66243795,1950,26.7246737104,NODATA,95,2.25662856,NODATA,NODATA,NODATA,NODATA,NODATA,NODATA,NODATA,NODATA,NODATA,NODATA,NODATA,06,NODATA,NODATA,NODATA,NODATA
23:8:35.134704,914,4.35052827843,NODATA,54.1176470588,NODATA,#,NODATA,NODATA,54.5098039216,185,NODATA,NODATA,NODATA,NODATA,NODATA,1723.66243795,1488,6.83654443754,NODATA,96,2.66007036,NODATA,NODATA,NODATA,NODATA,NODATA,NODATA,NODATA,NODATA,NODATA,NODATA,NODATA,06,NODATA,NODATA,NODATA,NODATA
23:8:40.653305,2354,20.5096333126,NODATA,100.0,NODATA,#,NODATA,NODATA,100.0,185,NODATA,NODATA,NODATA,NODATA,NODATA,1723.66243795,2601,27.9676817899,NODATA,96,3.6971142,NODATA,NODATA,NODATA,NODATA,NODATA,NODATA,NODATA,NODATA,NODATA,NODATA,NODATA,06,NODATA,NODATA,NODATA,NODATA
23:8:46.175999,976,8.70105655687,NODATA,26.6666666667,NODATA,#,NODATA,NODATA,75.6862745098,185,NODATA,NODATA,NODATA,NODATA,NODATA,1723.66243795,1143,9.94406463642,NODATA,96,1.62964032,NODATA,NODATA,NODATA,NODATA,NODATA,NODATA,NODATA,NODATA,NODATA,NODATA,NODATA,06,NODATA,NODATA,NODATA,NODATA
23:8:51.692983,855,8.70105655687,NODATA,27.8431372549,NODATA,#,NODATA,NODATA,83.9215686275,185,NODATA,NODATA,NODATA,NODATA,NODATA,1723.66243795,1185,9.94406463642,NODATA,96,1.67461416,NODATA,NODATA,NODATA,NODATA,NODATA,NODATA,NODATA,NODATA,NODATA,NODATA,NODATA,06,NODATA,NODATA,NODATA,NODATA
23:8:57.220740,2254,19.8881292728,NODATA,98.431372549,NODATA,#,NODATA,NODATA,100.0,186,NODATA,NODATA,NODATA,NODATA,NODATA,1723.66243795,3260,27.9676817899,NODATA,96,5.42728428,NODATA,NODATA,NODATA,NODATA,NODATA,NODATA,NODATA,NODATA,NODATA,NODATA,NODATA,06,NODATA,NODATA,NODATA,NODATA
23:9:2.735144,2739,37.2902423866,NODATA,100.0,NODATA,#,NODATA,NODATA,100.0,186,NODATA,NODATA,NODATA,NODATA,NODATA,1723.66243795,1497,37.9117464264,NODATA,95,1.5277878,NODATA,NODATA,NODATA,NODATA,NODATA,NODATA,NODATA,NODATA,NODATA,NODATA,NODATA,06,NODATA,NODATA,NODATA,NODATA
23:9:8.253504,872,29.8321939093,NODATA,27.4509803922,NODATA,#,NODATA,NODATA,25.8823529412,186,NODATA,NODATA,NODATA,NODATA,NODATA,1723.66243795,1507,27.9676817899,NODATA,96,2.27646996,NODATA,NODATA,NODATA,NODATA,NODATA,NODATA,NODATA,NODATA,NODATA,NODATA,NODATA,06,NODATA,NODATA,NODATA,NODATA
23:9:13.773725,2597,35.4257302672,NODATA,96.862745098,NODATA,#,NODATA,NODATA,61.9607843137,188,NODATA,NODATA,NODATA,NODATA,NODATA,1723.66243795,1327,14.2945929149,NODATA,95,1.30424136,NODATA,NODATA,NODATA,NODATA,NODATA,NODATA,NODATA,NODATA,NODATA,NODATA,NODATA,06,NODATA,NODATA,NODATA,NODATA
23:9:19.287400,1277,16.780609074,NODATA,65.8823529412,NODATA,#,NODATA,NODATA,70.5882352941,188,NODATA,NODATA,NODATA,NODATA,NODATA,1723.66243795,1492,19.8881292728,NODATA,96,2.47620672,NODATA,NODATA,NODATA,NODATA,NODATA,NODATA,NODATA,NODATA,NODATA,NODATA,NODATA,06,NODATA,NODATA,NODATA,NODATA
23:9:24.797543,1942,27.3461777502,NODATA,1.17647058824,NODATA,#,NODATA,NODATA,29.8039215686,188,NODATA,NODATA,NODATA,NODATA,NODATA,1723.66243795,846,15.5376009944,NODATA,95,0.81614292,NODATA,NODATA,NODATA,NODATA,NODATA,NODATA,NODATA,NODATA,NODATA,NODATA,NODATA,06,NODATA,NODATA,NODATA,NODATA
23:9:30.309463,977,7.45804847732,NODATA,85.8823529412,NODATA,#,NODATA,NODATA,79.2156862745,188,NODATA,NODATA,NODATA,NODATA,NODATA,1723.66243795,1201,10.5655686762,NODATA,96,1.752657,NODATA,NODATA,NODATA,NODATA,NODATA,NODATA,NODATA,NODATA,NODATA,NODATA,NODATA,06,NODATA,NODATA,NODATA,NODATA
23:9:35.832201,845,2.48601615911,NODATA,27.8431372549,NODATA,#,NODATA,NODATA,34.5098039216,188,NODATA,NODATA,NODATA,NODATA,NODATA,1723.66243795,826,0.621504039776,NODATA,96,0.83730708,NODATA,NODATA,NODATA,NODATA,NODATA,NODATA,NODATA,NODATA,NODATA,NODATA,NODATA,06,NODATA,NODATA,NODATA,NODATA
23:9:41.344171,774,1.24300807955,NODATA,82.7450980392,NODATA,#,NODATA,NODATA,83.5294117647,188,NODATA,NODATA,NODATA,NODATA,NODATA,1723.66243795,1223,5.59353635799,NODATA,98,1.918002,NODATA,NODATA,NODATA,NODATA,NODATA,NODATA,NODATA,NODATA,NODATA,NODATA,NODATA,06,NODATA,NODATA,NODATA,NODATA
23:9:46.861326,859,8.70105655687,NODATA,42.3529411765,NODATA,#,NODATA,NODATA,44.7058823529,188,NODATA,NODATA,NODATA,NODATA,NODATA,1723.66243795,843,6.83654443754,NODATA,98,0.99074724,NODATA,NODATA,NODATA,NODATA,NODATA,NODATA,NODATA,NODATA,NODATA,NODATA,NODATA,06,NODATA,NODATA,NODATA,NODATA
23:9:52.371442,1287,11.187072716,NODATA,69.4117647059,NODATA,#,NODATA,NODATA,1.17647058824,188,NODATA,NODATA,NODATA,NODATA,NODATA,1723.66243795,837,4.35052827843,NODATA,98,0.8862492,NODATA,NODATA,NODATA,NODATA,NODATA,NODATA,NODATA,NODATA,NODATA,NODATA,NODATA,06,NODATA,NODATA,NODATA,NODATA
23:9:57.886709,1171,5.59353635799,NODATA,77.6470588235,NODATA,#,NODATA,NODATA,67.0588235294,188,NODATA,NODATA,NODATA,NODATA,NODATA,1723.66243795,2253,9.94406463642,NODATA,98,5.69183628,NODATA,NODATA,NODATA,NODATA,NODATA,NODATA,NODATA,NODATA,NODATA,NODATA,NODATA,06,NODATA,NODATA,NODATA,NODATA
23:10:3.397354,2496,22.3741454319,NODATA,27.0588235294,NODATA,#,NODATA,NODATA,0.0,188,NODATA,NODATA,NODATA,NODATA,NODATA,1723.66243795,860,19.8881292728,NODATA,98,0.91005888,NODATA,NODATA,NODATA,NODATA,NODATA,NODATA,NODATA,NODATA,NODATA,NODATA,NODATA,06,NODATA,NODATA,NODATA,NODATA
23:10:8.902175,845,6.83654443754,NODATA,31.3725490196,NODATA,#,NODATA,NODATA,66.6666666667,188,NODATA,NODATA,NODATA,NODATA,NODATA,1723.66243795,968,8.07955251709,NODATA,100,1.25529924,NODATA,NODATA,NODATA,NODATA,NODATA,NODATA,NODATA,NODATA,NODATA,NODATA,NODATA,06,NODATA,NODATA,NODATA,NODATA
23:10:14.415840,1646,14.2945929149,NODATA,82.7450980392,NODATA,#,NODATA,NODATA,86.6666666667,188,NODATA,NODATA,NODATA,NODATA,NODATA,1723.66243795,2428,21.7526413922,NODATA,100,6.53840268,NODATA,NODATA,NODATA,NODATA,NODATA,NODATA,NODATA,NODATA,NODATA,NODATA,NODATA,06,NODATA,NODATA,NODATA,NODATA
23:10:19.922803,879,24.2386575513,NODATA,43.137254902,NODATA,#,NODATA,NODATA,37.2549019608,188,NODATA,NODATA,NODATA,NODATA,NODATA,1723.66243795,1552,21.1311373524,NODATA,98,2.60054616,NODATA,NODATA,NODATA,NODATA,NODATA,NODATA,NODATA,NODATA,NODATA,NODATA,NODATA,06,NODATA,NODATA,NODATA,NODATA
23:10:25.438088,1898,25.4816656308,NODATA,80.7843137255,NODATA,#,NODATA,NODATA,95.2941176471,188,NODATA,NODATA,NODATA,NODATA,NODATA,1723.66243795,2299,31.0752019888,NODATA,98,5.9921028,NODATA,NODATA,NODATA,NODATA,NODATA,NODATA,NODATA,NODATA,NODATA,NODATA,NODATA,06,NODATA,NODATA,NODATA,NODATA
23:10:31.45036,2077,37.9117464264,NODATA,2.74509803922,NODATA,#,NODATA,NODATA,0.0,188,NODATA,NODATA,NODATA,NODATA,NODATA,1723.66243795,853,19.2666252331,NODATA,98,0.7804284,NODATA,NODATA,NODATA,NODATA,NODATA,NODATA,NODATA,NODATA,NODATA,NODATA,NODATA,06,NODATA,NODATA,NODATA,NODATA
23:10:36.567751,2670,23.6171535115,NODATA,50.5882352941,NODATA,#,NODATA,NODATA,60.7843137255,190,NODATA,NODATA,NODATA,NODATA,NODATA,1723.66243795,1612,26.1031696706,NODATA,98,2.06879664,NODATA,NODATA,NODATA,NODATA,NODATA,NODATA,NODATA,NODATA,NODATA,NODATA,NODATA,06,NODATA,NODATA,NODATA,NODATA
23:10:42.80853,1012,8.70105655687,NODATA,64.7058823529,NODATA,#,NODATA,NODATA,72.5490196078,190,NODATA,NODATA,NODATA,NODATA,NODATA,1723.66243795,904,9.32256059664,NODATA,98,0.892863,NODATA,NODATA,NODATA,NODATA,NODATA,NODATA,NODATA,NODATA,NODATA,NODATA,NODATA,06,NODATA,NODATA,NODATA,NODATA
23:10:47.589969,1541,13.6730888751,NODATA,74.9019607843,NODATA,#,NODATA,NODATA,1.17647058824,190,NODATA,NODATA,NODATA,NODATA,NODATA,1723.66243795,852,8.70105655687,NODATA,100,0.86111676,NODATA,NODATA,NODATA,NODATA,NODATA,NODATA,NODATA,NODATA,NODATA,NODATA,NODATA,06,NODATA,NODATA,NODATA,NODATA
23:10:53.98361,1312,11.187072716,NODATA,69.0196078431,NODATA,#,NODATA,NODATA,73.3333333333,190,NODATA,NODATA,NODATA,NODATA,NODATA,1723.66243795,1909,16.780609074,NODATA,100,3.96034344,NODATA,NODATA,NODATA,NODATA,NODATA,NODATA,NODATA,NODATA,NODATA,NODATA,NODATA,06,NODATA,NODATA,NODATA,NODATA
23:10:58.599878,2095,28.5891858297,NODATA,28.6274509804,NODATA,#,NODATA,NODATA,29.0196078431,190,NODATA,NODATA,NODATA,NODATA,NODATA,1723.66243795,2194,29.8321939093,NODATA,98,5.21431992,NODATA,NODATA,NODATA,NODATA,NODATA,NODATA,NODATA,NODATA,NODATA,NODATA,NODATA,06,NODATA,NODATA,NODATA,NODATA
23:11:4.104575,1875,30.453697949,NODATA,0.0,NODATA,#,NODATA,NODATA,26.2745098039,190,NODATA,NODATA,NODATA,NODATA,NODATA,1723.66243795,1634,26.7246737104,NODATA,98,1.92858408,NODATA,NODATA,NODATA,NODATA,NODATA,NODATA,NODATA,NODATA,NODATA,NODATA,NODATA,06,NODATA,NODATA,NODATA,NODATA
23:11:9.626939,1545,28.5891858297,NODATA,69.4117647059,NODATA,#,NODATA,NODATA,78.8235294118,190,NODATA,NODATA,NODATA,NODATA,NODATA,1723.66243795,1585,29.2106898695,NODATA,98,2.32012104,NODATA,NODATA,NODATA,NODATA,NODATA,NODATA,NODATA,NODATA,NODATA,NODATA,NODATA,06,NODATA,NODATA,NODATA,NODATA
23:11:15.145487,1531,21.7526413922,NODATA,64.3137254902,NODATA,#,NODATA,NODATA,81.1764705882,190,NODATA,NODATA,NODATA,NODATA,NODATA,1723.66243795,1840,24.8601615911,NODATA,100,3.55557888,NODATA,NODATA,NODATA,NODATA,NODATA,NODATA,NODATA,NODATA,NODATA,NODATA,NODATA,06,NODATA,NODATA,NODATA,NODATA
23:11:20.652900,2414,32.9397141081,NODATA,100.0,NODATA,#,NODATA,NODATA,100.0,190,NODATA,NODATA,NODATA,NODATA,NODATA,1723.66243795,2400,32.9397141081,NODATA,98,2.44842876,NODATA,NODATA,NODATA,NODATA,NODATA,NODATA,NODATA,NODATA,NODATA,NODATA,NODATA,06,NODATA,NODATA,NODATA,NODATA
23:11:26.171818,1827,24.8601615911,NODATA,78.431372549,NODATA,#,NODATA,NODATA,0.0,190,NODATA,NODATA,NODATA,NODATA,NODATA,1723.66243795,853,14.2945929149,NODATA,98,0.85185744,NODATA,NODATA,NODATA,NODATA,NODATA,NODATA,NODATA,NODATA,NODATA,NODATA,NODATA,06,NODATA,NODATA,NODATA,NODATA
23:11:31.675289,1077,14.2945929149,NODATA,77.6470588235,NODATA,#,NODATA,NODATA,75.2941176471,190,NODATA,NODATA,NODATA,NODATA,NODATA,1723.66243795,1343,18.0236171535,NODATA,98,2.15742156,NODATA,NODATA,NODATA,NODATA,NODATA,NODATA,NODATA,NODATA,NODATA,NODATA,NODATA,06,NODATA,NODATA,NODATA,NODATA
23:11:37.193362,1973,26.7246737104,NODATA,92.9411764706,NODATA,#,NODATA,NODATA,98.0392156863,190,NODATA,NODATA,NODATA,NODATA,NODATA,1723.66243795,2476,33.5612181479,NODATA,98,6.41935428,NODATA,NODATA,NODATA,NODATA,NODATA,NODATA,NODATA,NODATA,NODATA,NODATA,NODATA,06,NODATA,NODATA,NODATA,NODATA
23:11:42.697373,865,24.8601615911,NODATA,40.0,NODATA,#,NODATA,NODATA,38.431372549,190,NODATA,NODATA,NODATA,NODATA,NODATA,1723.66243795,839,15.5376009944,NODATA,98,0.8796354,NODATA,NODATA,NODATA,NODATA,NODATA,NODATA,NODATA,NODATA,NODATA,NODATA,NODATA,06,NODATA,NODATA,NODATA,NODATA
23:11:48.219982,1246,14.2945929149,NODATA,0.78431372549,NODATA,#,NODATA,NODATA,26.6666666667,192,NODATA,NODATA,NODATA,NODATA,NODATA,1723.66243795,848,8.07955251709,NODATA,98,0.8399526,NODATA,NODATA,NODATA,NODATA,NODATA,NODATA,NODATA,NODATA,NODATA,NODATA,NODATA,06,NODATA,NODATA,NODATA,NODATA
23:11:53.732045,880,10.5655686762,NODATA,29.4117647059,NODATA,#,NODATA,NODATA,26.2745098039,192,NODATA,NODATA,NODATA,NODATA,NODATA,1723.66243795,850,2.48601615911,NODATA,100,0.73016352,NODATA,NODATA,NODATA,NODATA,NODATA,NODATA,NODATA,NODATA,NODATA,NODATA,NODATA,06,NODATA,NODATA,NODATA,NODATA
23:11:59.256246,807,0.0,NODATA,31.7647058824,NODATA,#,NODATA,NODATA,32.5490196078,192,NODATA,NODATA,NODATA,NODATA,NODATA,1723.66243795,835,0.0,NODATA,100,0.81614292,NODATA,NODATA,NODATA,NODATA,NODATA,NODATA,NODATA,NODATA,NODATA,NODATA,NODATA,06,NODATA,NODATA,NODATA,NODATA
23:12:4.763139,854,0.0,NODATA,42.3529411765,NODATA,#,NODATA,NODATA,43.5294117647,192,NODATA,NODATA,NODATA,NODATA,NODATA,1723.66243795,847,0.0,NODATA,100,0.96693756,NODATA,NODATA,NODATA,NODATA,NODATA,NODATA,NODATA,NODATA,NODATA,NODATA,NODATA,06,NODATA,NODATA,NODATA,NODATA
23:12:10.278702,863,0.0,NODATA,42.7450980392,NODATA,#,NODATA,NODATA,41.9607843137,192,NODATA,NODATA,NODATA,NODATA,NODATA,1723.66243795,829,0.0,NODATA,102,0.84788916,NODATA,NODATA,NODATA,NODATA,NODATA,NODATA,NODATA,NODATA,NODATA,NODATA,NODATA,06,NODATA,NODATA,NODATA,NODATA
23:12:15.802551,906,3.72902423866,NODATA,72.1568627451,NODATA,#,NODATA,NODATA,72.1568627451,192,NODATA,NODATA,NODATA,NODATA,NODATA,1723.66243795,1796,8.07955251709,NODATA,102,3.33203244,NODATA,NODATA,NODATA,NODATA,NODATA,NODATA,NODATA,NODATA,NODATA,NODATA,NODATA,06,NODATA,NODATA,NODATA,NODATA
23:12:21.315278,1291,11.187072716,NODATA,70.1960784314,NODATA,#,NODATA,NODATA,71.3725490196,192,NODATA,NODATA,NODATA,NODATA,NODATA,1723.66243795,1866,16.780609074,NODATA,102,3.46827672,NODATA,NODATA,NODATA,NODATA,NODATA,NODATA,NODATA,NODATA,NODATA,NODATA,NODATA,06,NODATA,NODATA,NODATA,NODATA
23:12:26.820084,845,12.4300807955,NODATA,24.7058823529,NODATA,#,NODATA,NODATA,27.8431372549,192,NODATA,NODATA,NODATA,NODATA,NODATA,1723.66243795,1428,12.4300807955,NODATA,102,2.3280576,NODATA,NODATA,NODATA,NODATA,NODATA,NODATA,NODATA,NODATA,NODATA,NODATA,NODATA,06,NODATA,NODATA,NODATA,NODATA
23:12:32.329818,854,6.83654443754,NODATA,40.3921568627,NODATA,#,NODATA,NODATA,38.0392156863,190,NODATA,NODATA,NODATA,NODATA,NODATA,1723.66243795,921,4.35052827843,NODATA,102,1.05953076,NODATA,NODATA,NODATA,NODATA,NODATA,NODATA,NODATA,NODATA,NODATA,NODATA,NODATA,06,NODATA,NODATA,NODATA,NODATA
23:12:37.859839,3333,15.5376009944,NODATA,39.2156862745,NODATA,#,NODATA,NODATA,52.5490196078,190,NODATA,NODATA,NODATA,NODATA,NODATA,1723.66243795,2472,21.7526413922,NODATA,102,6.33469764,NODATA,NODATA,NODATA,NODATA,NODATA,NODATA,NODATA,NODATA,NODATA,NODATA,NODATA,06,NODATA,NODATA,NODATA,NODATA
23:12:43.368549,2880,35.4257302672,NODATA,54.1176470588,NODATA,#,NODATA,NODATA,34.1176470588,190,NODATA,NODATA,NODATA,NODATA,NODATA,1723.66243795,2880,39.1547545059,NODATA,100,6.87702924,NODATA,NODATA,NODATA,NODATA,NODATA,NODATA,NODATA,NODATA,NODATA,NODATA,NODATA,06,NODATA,NODATA,NODATA,NODATA
23:12:48.887276,2338,44.1267868241,NODATA,0.0,NODATA,#,NODATA,NODATA,0.0,192,NODATA,NODATA,NODATA,NODATA,NODATA,1723.66243795,982,36.6687383468,NODATA,100,0.86773056,NODATA,NODATA,NODATA,NODATA,NODATA,NODATA,NODATA,NODATA,NODATA,NODATA,NODATA,06,NODATA,NODATA,NODATA,NODATA
23:12:54.399376,836,27.3461777502,NODATA,42.3529411765,NODATA,#,NODATA,NODATA,41.9607843137,192,NODATA,NODATA,NODATA,NODATA,NODATA,1723.66243795,849,14.2945929149,NODATA,100,0.82804776,NODATA,NODATA,NODATA,NODATA,NODATA,NODATA,NODATA,NODATA,NODATA,NODATA,NODATA,06,NODATA,NODATA,NODATA,NODATA
23:12:59.917238,992,8.07955251709,NODATA,80.0,NODATA,#,NODATA,NODATA,72.9411764706,192,NODATA,NODATA,NODATA,NODATA,NODATA,1723.66243795,1084,9.32256059664,NODATA,102,1.3359876,NODATA,NODATA,NODATA,NODATA,NODATA,NODATA,NODATA,NODATA,NODATA,NODATA,NODATA,06,NODATA,NODATA,NODATA,NODATA
23:13:5.425320,1532,13.6730888751,NODATA,76.0784313725,NODATA,#,NODATA,NODATA,85.0980392157,194,NODATA,NODATA,NODATA,NODATA,NODATA,1723.66243795,2119,18.6451211933,NODATA,102,4.93918584,NODATA,NODATA,NODATA,NODATA,NODATA,NODATA,NODATA,NODATA,NODATA,NODATA,NODATA,06,NODATA,NODATA,NODATA,NODATA
23:13:10.945808,2224,27.3461777502,NODATA,0.0,NODATA,#,NODATA,NODATA,16.0784313725,192,NODATA,NODATA,NODATA,NODATA,NODATA,1723.66243795,859,8.70105655687,NODATA,100,0.75794148,NODATA,NODATA,NODATA,NODATA,NODATA,NODATA,NODATA,NODATA,NODATA,NODATA,NODATA,06,NODATA,NODATA,NODATA,NODATA
23:13:16.468909,952,8.70105655687,NODATA,0.0,NODATA,#,NODATA,NODATA,21.9607843137,192,NODATA,NODATA,NODATA,NODATA,NODATA,1723.66243795,1785,8.07955251709,NODATA,102,3.11245428,NODATA,NODATA,NODATA,NODATA,NODATA,NODATA,NODATA,NODATA,NODATA,NODATA,NODATA,06,NODATA,NODATA,NODATA,NODATA
23:13:21.986634,2080,18.6451211933,NODATA,87.4509803922,NODATA,#,NODATA,NODATA,3.52941176471,192,NODATA,NODATA,NODATA,NODATA,NODATA,1723.66243795,858,19.2666252331,NODATA,102,0.925932,NODATA,NODATA,NODATA,NODATA,NODATA,NODATA,NODATA,NODATA,NODATA,NODATA,NODATA,06,NODATA,NODATA,NODATA,NODATA
23:13:27.503626,925,8.07955251709,NODATA,74.1176470588,NODATA,#,NODATA,NODATA,78.0392156863,192,NODATA,NODATA,NODATA,NODATA,NODATA,1723.66243795,1098,9.94406463642,NODATA,102,1.5806982,NODATA,NODATA,NODATA,NODATA,NODATA,NODATA,NODATA,NODATA,NODATA,NODATA,NODATA,06,NODATA,NODATA,NODATA,NODATA
23:13:33.8485,844,9.32256059664,NODATA,37.6470588235,NODATA,#,NODATA,NODATA,41.1764705882,194,NODATA,NODATA,NODATA,NODATA,NODATA,1723.66243795,925,8.07955251709,NODATA,102,1.08334044,NODATA,NODATA,NODATA,NODATA,NODATA,NODATA,NODATA,NODATA,NODATA,NODATA,NODATA,06,NODATA,NODATA,NODATA,NODATA
23:13:38.516923,1788,16.1591050342,NODATA,85.4901960784,NODATA,#,NODATA,NODATA,92.1568627451,194,NODATA,NODATA,NODATA,NODATA,NODATA,1723.66243795,2647,23.6171535115,NODATA,102,6.66141936,NODATA,NODATA,NODATA,NODATA,NODATA,NODATA,NODATA,NODATA,NODATA,NODATA,NODATA,06,NODATA,NODATA,NODATA,NODATA
23:13:44.35948,2324,31.6967060286,NODATA,100.0,NODATA,#,NODATA,NODATA,100.0,194,NODATA,NODATA,NODATA,NODATA,NODATA,1723.66243795,2753,37.9117464264,NODATA,102,6.43258188,NODATA,NODATA,NODATA,NODATA,NODATA,NODATA,NODATA,NODATA,NODATA,NODATA,NODATA,06,NODATA,NODATA,NODATA,NODATA
23:13:49.547820,2138,39.1547545059,NODATA,81.1764705882,NODATA,#,NODATA,NODATA,7.8431372549,194,NODATA,NODATA,NODATA,NODATA,NODATA,1723.66243795,2133,39.1547545059,NODATA,100,2.73414492,NODATA,NODATA,NODATA,NODATA,NODATA,NODATA,NODATA,NODATA,NODATA,NODATA,NODATA,06,NODATA,NODATA,NODATA,NODATA
23:13:55.74447,2023,37.2902423866,NODATA,0.0,NODATA,#,NODATA,NODATA,52.5490196078,194,NODATA,NODATA,NODATA,NODATA,NODATA,1723.66243795,887,30.453697949,NODATA,102,1.01455692,NODATA,NODATA,NODATA,NODATA,NODATA,NODATA,NODATA,NODATA,NODATA,NODATA,NODATA,06,NODATA,NODATA,NODATA,NODATA
23:14:0.591356,1711,31.6967060286,NODATA,65.8823529412,NODATA,#,NODATA,NODATA,44.3137254902,194,NODATA,NODATA,NODATA,NODATA,NODATA,1723.66243795,849,28.5891858297,NODATA,102,1.00397484,NODATA,NODATA,NODATA,NODATA,NODATA,NODATA,NODATA,NODATA,NODATA,NODATA,NODATA,06,NODATA,NODATA,NODATA,NODATA
23:14:6.192637,863,19.2666252331,NODATA,37.2549019608,NODATA,#,NODATA,NODATA,29.0196078431,194,NODATA,NODATA,NODATA,NODATA,NODATA,1723.66243795,850,11.8085767557,NODATA,102,0.78175116,NODATA,NODATA,NODATA,NODATA,NODATA,NODATA,NODATA,NODATA,NODATA,NODATA,NODATA,06,NODATA,NODATA,NODATA,NODATA
23:14:11.716088,895,12.4300807955,NODATA,76.0784313725,NODATA,#,NODATA,NODATA,80.7843137255,194,NODATA,NODATA,NODATA,NODATA,NODATA,1723.66243795,1202,16.1591050342,NODATA,102,1.80424464,NODATA,NODATA,NODATA,NODATA,NODATA,NODATA,NODATA,NODATA,NODATA,NODATA,NODATA,06,NODATA,NODATA,NODATA,NODATA
23:14:17.228441,1383,22.3741454319,NODATA,68.6274509804,NODATA,#,NODATA,NODATA,72.5490196078,194,NODATA,NODATA,NODATA,NODATA,NODATA,1723.66243795,1365,24.8601615911,NODATA,102,2.23017336,NODATA,NODATA,NODATA,NODATA,NODATA,NODATA,NODATA,NODATA,NODATA,NODATA,NODATA,06,NODATA,NODATA,NODATA,NODATA
23:14:22.742058,858,23.6171535115,NODATA,37.2549019608,NODATA,#,NODATA,NODATA,39.2156862745,192,NODATA,NODATA,NODATA,NODATA,NODATA,1723.66243795,853,16.780609074,NODATA,102,0.7804284,NODATA,NODATA,NODATA,NODATA,NODATA,NODATA,NODATA,NODATA,NODATA,NODATA,NODATA,06,NODATA,NODATA,NODATA,NODATA
23:14:28.255492,1168,9.94406463642,NODATA,70.5882352941,NODATA,#,NODATA,NODATA,67.4509803922,192,NODATA,NODATA,NODATA,NODATA,NODATA,1723.66243795,1535,13.6730888751,NODATA,102,2.19842712,NODATA,NODATA,NODATA,NODATA,NODATA,NODATA,NODATA,NODATA,NODATA,NODATA,NODATA,06,NODATA,NODATA,NODATA,NODATA
23:14:33.760555,850,6.83654443754,NODATA,27.4509803922,NODATA,#,NODATA,NODATA,78.431372549,192,NODATA,NODATA,NODATA,NODATA,NODATA,1723.66243795,1158,9.94406463642,NODATA,104,1.785726,NODATA,NODATA,NODATA,NODATA,NODATA,NODATA,NODATA,NODATA,NODATA,NODATA,NODATA,06,NODATA,NODATA,NODATA,NODATA
23:14:39.283798,2396,21.7526413922,NODATA,99.6078431373,NODATA,#,NODATA,NODATA,100.0,192,NODATA,NODATA,NODATA,NODATA,NODATA,1723.66243795,1617,26.7246737104,NODATA,102,3.3994932,NODATA,NODATA,NODATA,NODATA,NODATA,NODATA,NODATA,NODATA,NODATA,NODATA,NODATA,06,NODATA,NODATA,NODATA,NODATA
23:14:44.799408,1697,23.6171535115,NODATA,67.4509803922,NODATA,#,NODATA,NODATA,2.35294117647,192,NODATA,NODATA,NODATA,NODATA,NODATA,1723.66243795,855,12.4300807955,NODATA,102,0.95370996,NODATA,NODATA,NODATA,NODATA,NODATA,NODATA,NODATA,NODATA,NODATA,NODATA,NODATA,06,NODATA,NODATA,NODATA,NODATA
23:14:50.316755,1428,12.4300807955,NODATA,70.9803921569,NODATA,#,NODATA,NODATA,80.3921568627,192,NODATA,NODATA,NODATA,NODATA,NODATA,1723.66243795,2096,18.6451211933,NODATA,102,4.89156648,NODATA,NODATA,NODATA,NODATA,NODATA,NODATA,NODATA,NODATA,NODATA,NODATA,NODATA,06,NODATA,NODATA,NODATA,NODATA
23:14:55.826389,1634,21.7526413922,NODATA,81.1764705882,NODATA,#,NODATA,NODATA,86.6666666667,192,NODATA,NODATA,NODATA,NODATA,NODATA,1723.66243795,2004,27.3461777502,NODATA,102,4.71299388,NODATA,NODATA,NODATA,NODATA,NODATA,NODATA,NODATA,NODATA,NODATA,NODATA,NODATA,06,NODATA,NODATA,NODATA,NODATA
23:15:1.351160,2013,36.6687383468,NODATA,78.431372549,NODATA,#,NODATA,NODATA,95.6862745098,192,NODATA,NODATA,NODATA,NODATA,NODATA,1723.66243795,2170,39.7762585457,NODATA,100,3.82145364,NODATA,NODATA,NODATA,NODATA,NODATA,NODATA,NODATA,NODATA,NODATA,NODATA,NODATA,06,NODATA,NODATA,NODATA,NODATA
23:15:6.875787,1496,34.8042262275,NODATA,72.1568627451,NODATA,#,NODATA,NODATA,1.56862745098,192,NODATA,NODATA,NODATA,NODATA,NODATA,1723.66243795,851,26.7246737104,NODATA,102,0.91138164,NODATA,NODATA,NODATA,NODATA,NODATA,NODATA,NODATA,NODATA,NODATA,NODATA,NODATA,06,NODATA,NODATA,NODATA,NODATA
23:15:12.382654,848,14.9160969546,NODATA,40.0,NODATA,#,NODATA,NODATA,39.2156862745,192,NODATA,NODATA,NODATA,NODATA,NODATA,1723.66243795,831,6.83654443754,NODATA,102,0.83862984,NODATA,NODATA,NODATA,NODATA,NODATA,NODATA,NODATA,NODATA,NODATA,NODATA,NODATA,06,NODATA,NODATA,NODATA,NODATA
23:15:17.899908,1450,12.4300807955,NODATA,70.9803921569,NODATA,#,NODATA,NODATA,74.9019607843,192,NODATA,NODATA,NODATA,NODATA,NODATA,1723.66243795,1986,17.4021131137,NODATA,102,4.33733004,NODATA,NODATA,NODATA,NODATA,NODATA,NODATA,NODATA,NODATA,NODATA,NODATA,NODATA,06,NODATA,NODATA,NODATA,NODATA
23:15:23.408474,2137,29.2106898695,NODATA,95.2941176471,NODATA,#,NODATA,NODATA,0.78431372549,192,NODATA,NODATA,NODATA,NODATA,NODATA,1723.66243795,847,19.2666252331,NODATA,100,0.87434436,NODATA,NODATA,NODATA,NODATA,NODATA,NODATA,NODATA,NODATA,NODATA,NODATA,NODATA,06,NODATA,NODATA,NODATA,NODATA
23:15:28.927853,1004,8.70105655687,NODATA,72.1568627451,NODATA,#,NODATA,NODATA,74.9019607843,192,NODATA,NODATA,NODATA,NODATA,NODATA,1723.66243795,1392,12.4300807955,NODATA,102,2.30557068,NODATA,NODATA,NODATA,NODATA,NODATA,NODATA,NODATA,NODATA,NODATA,NODATA,NODATA,06,NODATA,NODATA,NODATA,NODATA
23:15:34.439415,2521,22.3741454319,NODATA,94.1176470588,NODATA,#,NODATA,NODATA,1.96078431373,192,NODATA,NODATA,NODATA,NODATA,NODATA,1723.66243795,848,17.4021131137,NODATA,100,0.97619688,NODATA,NODATA,NODATA,NODATA,NODATA,NODATA,NODATA,NODATA,NODATA,NODATA,NODATA,06,NODATA,NODATA,NODATA,NODATA
23:15:39.954911,1085,9.32256059664,NODATA,76.0784313725,NODATA,#,NODATA,NODATA,63.5294117647,194,NODATA,NODATA,NODATA,NODATA,NODATA,1723.66243795,1410,12.4300807955,NODATA,102,2.16800364,NODATA,NODATA,NODATA,NODATA,NODATA,NODATA,NODATA,NODATA,NODATA,NODATA,NODATA,06,NODATA,NODATA,NODATA,NODATA
23:15:45.461781,937,7.45804847732,NODATA,58.431372549,NODATA,#,NODATA,NODATA,72.5490196078,194,NODATA,NODATA,NODATA,NODATA,NODATA,1723.66243795,1256,11.187072716,NODATA,102,1.8320226,NODATA,NODATA,NODATA,NODATA,NODATA,NODATA,NODATA,NODATA,NODATA,NODATA,NODATA,06,NODATA,NODATA,NODATA,NODATA
23:15:51.154,2435,21.7526413922,NODATA,100.0,NODATA,#,NODATA,NODATA,100.0,194,NODATA,NODATA,NODATA,NODATA,NODATA,1723.66243795,2084,27.3461777502,NODATA,102,4.0278042,NODATA,NODATA,NODATA,NODATA,NODATA,NODATA,NODATA,NODATA,NODATA,NODATA,NODATA,06,NODATA,NODATA,NODATA,NODATA
23:15:56.508881,2487,34.1827221877,NODATA,2.35294117647,NODATA,#,NODATA,NODATA,0.0,194,NODATA,NODATA,NODATA,NODATA,NODATA,1723.66243795,854,29.2106898695,NODATA,102,0.83466156,NODATA,NODATA,NODATA,NODATA,NODATA,NODATA,NODATA,NODATA,NODATA,NODATA,NODATA,06,NODATA,NODATA,NODATA,NODATA
23:16:2.51020,1644,30.453697949,NODATA,84.3137254902,NODATA,#,NODATA,NODATA,87.0588235294,194,NODATA,NODATA,NODATA,NODATA,NODATA,1723.66243795,1803,32.9397141081,NODATA,102,3.60319824,NODATA,NODATA,NODATA,NODATA,NODATA,NODATA,NODATA,NODATA,NODATA,NODATA,NODATA,06,NODATA,NODATA,NODATA,NODATA
23:16:7.556078,781,27.9676817899,NODATA,30.9803921569,NODATA,#,NODATA,NODATA,27.4509803922,195,NODATA,NODATA,NODATA,NODATA,NODATA,1723.66243795,992,24.2386575513,NODATA,102,1.90345164,NODATA,NODATA,NODATA,NODATA,NODATA,NODATA,NODATA,NODATA,NODATA,NODATA,NODATA,06,NODATA,NODATA,NODATA,NODATA
23:16:13.71679,1358,24.8601615911,NODATA,76.0784313725,NODATA,#,NODATA,NODATA,73.7254901961,195,NODATA,NODATA,NODATA,NODATA,NODATA,1723.66243795,1750,24.8601615911,NODATA,102,3.12965016,NODATA,NODATA,NODATA,NODATA,NODATA,NODATA,NODATA,NODATA,NODATA,NODATA,NODATA,06,NODATA,NODATA,NODATA,NODATA
23:16:18.578028,1937,31.0752019888,NODATA,1.96078431373,NODATA,#,NODATA,NODATA,24.7058823529,195,NODATA,NODATA,NODATA,NODATA,NODATA,1723.66243795,844,21.1311373524,NODATA,102,0.82407948,NODATA,NODATA,NODATA,NODATA,NODATA,NODATA,NODATA,NODATA,NODATA,NODATA,NODATA,06,NODATA,NODATA,NODATA,NODATA
23:16:24.88172,915,8.07955251709,NODATA,30.9803921569,NODATA,#,NODATA,NODATA,75.6862745098,194,NODATA,NODATA,NODATA,NODATA,NODATA,1723.66243795,1174,10.5655686762,NODATA,102,1.41932148,NODATA,NODATA,NODATA,NODATA,NODATA,NODATA,NODATA,NODATA,NODATA,NODATA,NODATA,06,NODATA,NODATA,NODATA,NODATA
23:16:29.600157,752,8.07955251709,NODATA,29.4117647059,NODATA,#,NODATA,NODATA,0.0,194,NODATA,NODATA,NODATA,NODATA,NODATA,1723.66243795,794,7.45804847732,NODATA,102,0.79233324,NODATA,NODATA,NODATA,NODATA,NODATA,NODATA,NODATA,NODATA,NODATA,NODATA,NODATA,06,NODATA,NODATA,NODATA,NODATA
23:16:35.122969,913,8.07955251709,NODATA,42.3529411765,NODATA,#,NODATA,NODATA,41.1764705882,194,NODATA,NODATA,NODATA,NODATA,NODATA,1723.66243795,862,5.59353635799,NODATA,104,0.9060906,NODATA,NODATA,NODATA,NODATA,NODATA,NODATA,NODATA,NODATA,NODATA,NODATA,NODATA,06,NODATA,NODATA,NODATA,NODATA
23:16:40.635132,963,8.07955251709,NODATA,36.4705882353,NODATA,#,NODATA,NODATA,23.9215686275,194,NODATA,NODATA,NODATA,NODATA,NODATA,1723.66243795,893,8.07955251709,NODATA,104,0.80952912,NODATA,NODATA,NODATA,NODATA,NODATA,NODATA,NODATA,NODATA,NODATA,NODATA,NODATA,06,NODATA,NODATA,NODATA,NODATA
23:16:46.283882,944,8.07955251709,NODATA,35.6862745098,NODATA,#,NODATA,NODATA,41.568627451,194,NODATA,NODATA,NODATA,NODATA,NODATA,1723.66243795,897,6.21504039776,NODATA,104,0.859794,NODATA,NODATA,NODATA,NODATA,NODATA,NODATA,NODATA,NODATA,NODATA,NODATA,NODATA,06,NODATA,NODATA,NODATA,NODATA
23:16:51.793433,785,6.83654443754,NODATA,23.5294117647,NODATA,#,NODATA,NODATA,48.2352941176,194,NODATA,NODATA,NODATA,NODATA,NODATA,1723.66243795,900,8.07955251709,NODATA,104,0.86905332,NODATA,NODATA,NODATA,NODATA,NODATA,NODATA,NODATA,NODATA,NODATA,NODATA,NODATA,06,NODATA,NODATA,NODATA,NODATA
23:16:57.307129,860,7.45804847732,NODATA,7.05882352941,NODATA,#,NODATA,NODATA,23.137254902,194,NODATA,NODATA,NODATA,NODATA,NODATA,1723.66243795,916,7.45804847732,NODATA,105,1.07408112,NODATA,NODATA,NODATA,NODATA,NODATA,NODATA,NODATA,NODATA,NODATA,NODATA,NODATA,06,NODATA,NODATA,NODATA,NODATA
23:17:2.815342,861,6.21504039776,NODATA,43.5294117647,NODATA,#,NODATA,NODATA,42.3529411765,192,NODATA,NODATA,NODATA,NODATA,NODATA,1723.66243795,841,7.45804847732,NODATA,105,0.97487412,NODATA,NODATA,NODATA,NODATA,NODATA,NODATA,NODATA,NODATA,NODATA,NODATA,NODATA,06,NODATA,NODATA,NODATA,NODATA
23:17:8.324065,848,8.07955251709,NODATA,42.7450980392,NODATA,#,NODATA,NODATA,41.9607843137,192,NODATA,NODATA,NODATA,NODATA,NODATA,1723.66243795,848,7.45804847732,NODATA,105,0.97487412,NODATA,NODATA,NODATA,NODATA,NODATA,NODATA,NODATA,NODATA,NODATA,NODATA,NODATA,06,NODATA,NODATA,NODATA,NODATA
23:17:13.833723,848,8.70105655687,NODATA,40.0,NODATA,#,NODATA,NODATA,46.2745098039,192,NODATA,NODATA,NODATA,NODATA,NODATA,1723.66243795,720,6.21504039776,NODATA,105,0.892863,NODATA,NODATA,NODATA,NODATA,NODATA,NODATA,NODATA,NODATA,NODATA,NODATA,NODATA,06,NODATA,NODATA,NODATA,NODATA
23:17:19.342891,1387,12.4300807955,NODATA,4.3137254902,NODATA,#,NODATA,NODATA,0.392156862745,192,NODATA,NODATA,NODATA,NODATA,NODATA,1723.66243795,1232,11.187072716,NODATA,107,1.54630644,NODATA,NODATA,NODATA,NODATA,NODATA,NODATA,NODATA,NODATA,NODATA,NODATA,NODATA,06,NODATA,NODATA,NODATA,NODATA
23:17:24.863121,942,8.07955251709,NODATA,24.7058823529,NODATA,#,NODATA,NODATA,46.2745098039,192,NODATA,NODATA,NODATA,NODATA,NODATA,1723.66243795,918,8.07955251709,NODATA,107,1.04630316,NODATA,NODATA,NODATA,NODATA,NODATA,NODATA,NODATA,NODATA,NODATA,NODATA,NODATA,06,NODATA,NODATA,NODATA,NODATA
23:17:30.377439,1006,8.70105655687,NODATA,47.4509803922,NODATA,#,NODATA,NODATA,46.2745098039,192,NODATA,NODATA,NODATA,NODATA,NODATA,1723.66243795,1014,9.32256059664,NODATA,107,1.10318184,NODATA,NODATA,NODATA,NODATA,NODATA,NODATA,NODATA,NODATA,NODATA,NODATA,NODATA,06,NODATA,NODATA,NODATA,NODATA
23:17:35.898120,876,7.45804847732,NODATA,41.9607843137,NODATA,#,NODATA,NODATA,39.6078431373,190,NODATA,NODATA,NODATA,NODATA,NODATA,1723.66243795,924,8.07955251709,NODATA,107,0.98148792,NODATA,NODATA,NODATA,NODATA,NODATA,NODATA,NODATA,NODATA,NODATA,NODATA,NODATA,06,NODATA,NODATA,NODATA,NODATA
23:17:41.412081,993,8.70105655687,NODATA,16.4705882353,NODATA,#,NODATA,NODATA,13.3333333333,190,NODATA,NODATA,NODATA,NODATA,NODATA,1723.66243795,900,8.07955251709,NODATA,109,0.88360368,NODATA,NODATA,NODATA,NODATA,NODATA,NODATA,NODATA,NODATA,NODATA,NODATA,NODATA,06,NODATA,NODATA,NODATA,NODATA
23:17:46.938948,908,4.35052827843,NODATA,29.0196078431,NODATA,#,NODATA,NODATA,76.862745098,190,NODATA,NODATA,NODATA,NODATA,NODATA,1723.66243795,1526,6.83654443754,NODATA,109,2.42197356,NODATA,NODATA,NODATA,NODATA,NODATA,NODATA,NODATA,NODATA,NODATA,NODATA,NODATA,06,NODATA,NODATA,NODATA,NODATA
23:17:52.443051,959,8.70105655687,NODATA,45.0980392157,NODATA,#,NODATA,NODATA,54.1176470588,190,NODATA,NODATA,NODATA,NODATA,NODATA,1723.66243795,1035,9.32256059664,NODATA,109,1.2301668,NODATA,NODATA,NODATA,NODATA,NODATA,NODATA,NODATA,NODATA,NODATA,NODATA,NODATA,06,NODATA,NODATA,NODATA,NODATA
23:17:57.961178,946,8.07955251709,NODATA,25.8823529412,NODATA,#,NODATA,NODATA,25.8823529412,190,NODATA,NODATA,NODATA,NODATA,NODATA,1723.66243795,916,8.07955251709,NODATA,111,0.87169884,NODATA,NODATA,NODATA,NODATA,NODATA,NODATA,NODATA,NODATA,NODATA,NODATA,NODATA,06,NODATA,NODATA,NODATA,NODATA
23:18:3.469091,959,8.70105655687,NODATA,25.0980392157,NODATA,#,NODATA,NODATA,25.4901960784,190,NODATA,NODATA,NODATA,NODATA,NODATA,1723.66243795,939,8.07955251709,NODATA,111,0.9457734,NODATA,NODATA,NODATA,NODATA,NODATA,NODATA,NODATA,NODATA,NODATA,NODATA,NODATA,06,NODATA,NODATA,NODATA,NODATA
23:18:8.995774,907,8.07955251709,NODATA,30.1960784314,NODATA,#,NODATA,NODATA,34.1176470588,190,NODATA,NODATA,NODATA,NODATA,NODATA,1723.66243795,897,8.07955251709,NODATA,111,0.85714848,NODATA,NODATA,NODATA,NODATA,NODATA,NODATA,NODATA,NODATA,NODATA,NODATA,NODATA,06,NODATA,NODATA,NODATA,NODATA
23:18:14.508680,951,8.70105655687,NODATA,43.137254902,NODATA,#,NODATA,NODATA,40.3921568627,190,NODATA,NODATA,NODATA,NODATA,NODATA,1723.66243795,940,8.07955251709,NODATA,111,0.83862984,NODATA,NODATA,NODATA,NODATA,NODATA,NODATA,NODATA,NODATA,NODATA,NODATA,NODATA,06,NODATA,NODATA,NODATA,NODATA
23:18:20.34994,895,8.07955251709,NODATA,44.7058823529,NODATA,#,NODATA,NODATA,47.8431372549,190,NODATA,NODATA,NODATA,NODATA,NODATA,1723.66243795,927,8.07955251709,NODATA,113,1.0052976,NODATA,NODATA,NODATA,NODATA,NODATA,NODATA,NODATA,NODATA,NODATA,NODATA,NODATA,06,NODATA,NODATA,NODATA,NODATA
23:18:25.538259,986,8.70105655687,NODATA,22.7450980392,NODATA,#,NODATA,NODATA,20.7843137255,190,NODATA,NODATA,NODATA,NODATA,NODATA,1723.66243795,924,8.07955251709,NODATA,113,0.8333388,NODATA,NODATA,NODATA,NODATA,NODATA,NODATA,NODATA,NODATA,NODATA,NODATA,NODATA,06,NODATA,NODATA,NODATA,NODATA
23:18:31.62352,929,8.07955251709,NODATA,36.0784313725,NODATA,#,NODATA,NODATA,34.9019607843,188,NODATA,NODATA,NODATA,NODATA,NODATA,1723.66243795,960,8.70105655687,NODATA,113,0.98677896,NODATA,NODATA,NODATA,NODATA,NODATA,NODATA,NODATA,NODATA,NODATA,NODATA,NODATA,06,NODATA,NODATA,NODATA,NODATA
23:18:36.578272,877,7.45804847732,NODATA,52.1568627451,NODATA,#,NODATA,NODATA,53.7254901961,188,NODATA,NODATA,NODATA,NODATA,NODATA,1723.66243795,958,8.70105655687,NODATA,113,1.11376392,NODATA,NODATA,NODATA,NODATA,NODATA,NODATA,NODATA,NODATA,NODATA,NODATA,NODATA,06,NODATA,NODATA,NODATA,NODATA
23:18:42.101192,916,8.07955251709,NODATA,41.568627451,NODATA,#,NODATA,NODATA,41.9607843137,188,NODATA,NODATA,NODATA,NODATA,NODATA,1723.66243795,905,8.07955251709,NODATA,114,0.97487412,NODATA,NODATA,NODATA,NODATA,NODATA,NODATA,NODATA,NODATA,NODATA,NODATA,NODATA,06,NODATA,NODATA,NODATA,NODATA
23:18:47.620189,967,8.70105655687,NODATA,36.0784313725,NODATA,#,NODATA,NODATA,27.8431372549,188,NODATA,NODATA,NODATA,NODATA,NODATA,1723.66243795,951,8.70105655687,NODATA,114,0.90079956,NODATA,NODATA,NODATA,NODATA,NODATA,NODATA,NODATA,NODATA,NODATA,NODATA,NODATA,06,NODATA,NODATA,NODATA,NODATA
23:18:53.136452,915,8.07955251709,NODATA,33.7254901961,NODATA,#,NODATA,NODATA,33.3333333333,188,NODATA,NODATA,NODATA,NODATA,NODATA,1723.66243795,944,8.07955251709,NODATA,114,0.99471552,NODATA,NODATA,NODATA,NODATA,NODATA,NODATA,NODATA,NODATA,NODATA,NODATA,NODATA,06,NODATA,NODATA,NODATA,NODATA
23:18:58.647605,893,8.07955251709,NODATA,43.137254902,NODATA,#,NODATA,NODATA,51.7647058824,188,NODATA,NODATA,NODATA,NODATA,NODATA,1723.66243795,932,8.07955251709,NODATA,114,1.1441874,NODATA,NODATA,NODATA,NODATA,NODATA,NODATA,NODATA,NODATA,NODATA,NODATA,NODATA,06,NODATA,NODATA,NODATA,NODATA
23:19:4.168097,886,4.35052827843,NODATA,42.7450980392,NODATA,#,NODATA,NODATA,50.1960784314,186,NODATA,NODATA,NODATA,NODATA,NODATA,1723.66243795,894,3.72902423866,NODATA,114,1.01587968,NODATA,NODATA,NODATA,NODATA,NODATA,NODATA,NODATA,NODATA,NODATA,NODATA,NODATA,06,NODATA,NODATA,NODATA,NODATA
23:19:9.677511,1100,4.97203231821,NODATA,12.1568627451,NODATA,#,NODATA,NODATA,46.2745098039,186,NODATA,NODATA,NODATA,NODATA,NODATA,1723.66243795,978,4.35052827843,NODATA,114,1.09656804,NODATA,NODATA,NODATA,NODATA,NODATA,NODATA,NODATA,NODATA,NODATA,NODATA,NODATA,06,NODATA,NODATA,NODATA,NODATA
23:19:15.363597,919,4.35052827843,NODATA,34.9019607843,NODATA,#,NODATA,NODATA,43.5294117647,186,NODATA,NODATA,NODATA,NODATA,NODATA,1723.66243795,1099,4.97203231821,NODATA,116,1.2367806,NODATA,NODATA,NODATA,NODATA,NODATA,NODATA,NODATA,NODATA,NODATA,NODATA,NODATA,06,NODATA,NODATA,NODATA,NODATA
23:19:20.875795,1259,6.21504039776,NODATA,43.137254902,NODATA,#,NODATA,NODATA,55.6862745098,186,NODATA,NODATA,NODATA,NODATA,NODATA,1723.66243795,1658,8.07955251709,NODATA,116,1.69710108,NODATA,NODATA,NODATA,NODATA,NODATA,NODATA,NODATA,NODATA,NODATA,NODATA,NODATA,06,NODATA,NODATA,NODATA,NODATA
23:19:26.398195,879,8.07955251709,NODATA,59.6078431373,NODATA,#,NODATA,NODATA,60.0,186,NODATA,NODATA,NODATA,NODATA,NODATA,1723.66243795,954,8.70105655687,NODATA,116,1.24471716,NODATA,NODATA,NODATA,NODATA,NODATA,NODATA,NODATA,NODATA,NODATA,NODATA,NODATA,06,NODATA,NODATA,NODATA,NODATA
23:19:31.928397,896,8.07955251709,NODATA,50.1960784314,NODATA,#,NODATA,NODATA,52.1568627451,186,NODATA,NODATA,NODATA,NODATA,NODATA,1723.66243795,971,8.70105655687,NODATA,116,1.01720244,NODATA,NODATA,NODATA,NODATA,NODATA,NODATA,NODATA,NODATA,NODATA,NODATA,NODATA,06,NODATA,NODATA,NODATA,NODATA
23:19:37.440378,881,6.21504039776,NODATA,33.7254901961,NODATA,#,NODATA,NODATA,56.862745098,186,NODATA,NODATA,NODATA,NODATA,NODATA,1723.66243795,843,6.83654443754,NODATA,116,1.05027144,NODATA,NODATA,NODATA,NODATA,NODATA,NODATA,NODATA,NODATA,NODATA,NODATA,NODATA,06,NODATA,NODATA,NODATA,NODATA
23:19:42.941508,866,7.45804847732,NODATA,47.8431372549,NODATA,#,NODATA,NODATA,69.8039215686,186,NODATA,NODATA,NODATA,NODATA,NODATA,1723.66243795,920,8.07955251709,NODATA,118,1.21297092,NODATA,NODATA,NODATA,NODATA,NODATA,NODATA,NODATA,NODATA,NODATA,NODATA,NODATA,06,NODATA,NODATA,NODATA,NODATA
23:19:48.446517,914,8.07955251709,NODATA,41.568627451,NODATA,#,NODATA,NODATA,50.1960784314,186,NODATA,NODATA,NODATA,NODATA,NODATA,1723.66243795,916,8.07955251709,NODATA,118,1.13228256,NODATA,NODATA,NODATA,NODATA,NODATA,NODATA,NODATA,NODATA,NODATA,NODATA,NODATA,06,NODATA,NODATA,NODATA,NODATA
23:19:53.962333,923,8.07955251709,NODATA,40.7843137255,NODATA,#,NODATA,NODATA,40.7843137255,186,NODATA,NODATA,NODATA,NODATA,NODATA,1723.66243795,886,8.07955251709,NODATA,118,1.00926588,NODATA,NODATA,NODATA,NODATA,NODATA,NODATA,NODATA,NODATA,NODATA,NODATA,NODATA,06,NODATA,NODATA,NODATA,NODATA
23:19:59.473725,838,6.83654443754,NODATA,76.4705882353,NODATA,#,NODATA,NODATA,66.6666666667,186,NODATA,NODATA,NODATA,NODATA,NODATA,1723.66243795,937,8.70105655687,NODATA,118,1.0846632,NODATA,NODATA,NODATA,NODATA,NODATA,NODATA,NODATA,NODATA,NODATA,NODATA,NODATA,06,NODATA,NODATA,NODATA,NODATA
23:20:4.997392,925,8.07955251709,NODATA,28.2352941176,NODATA,#,NODATA,NODATA,26.2745098039,186,NODATA,NODATA,NODATA,NODATA,NODATA,1723.66243795,902,6.83654443754,NODATA,118,0.96826032,NODATA,NODATA,NODATA,NODATA,NODATA,NODATA,NODATA,NODATA,NODATA,NODATA,NODATA,06,NODATA,NODATA,NODATA,NODATA
23:20:10.515782,1036,8.70105655687,NODATA,75.2941176471,NODATA,#,NODATA,NODATA,58.8235294118,186,NODATA,NODATA,NODATA,NODATA,NODATA,1723.66243795,1176,10.5655686762,NODATA,118,1.4748774,NODATA,NODATA,NODATA,NODATA,NODATA,NODATA,NODATA,NODATA,NODATA,NODATA,NODATA,06,NODATA,NODATA,NODATA,NODATA
23:20:16.30901,912,8.07955251709,NODATA,52.5490196078,NODATA,#,NODATA,NODATA,50.1960784314,186,NODATA,NODATA,NODATA,NODATA,NODATA,1723.66243795,961,8.70105655687,NODATA,118,1.02910728,NODATA,NODATA,NODATA,NODATA,NODATA,NODATA,NODATA,NODATA,NODATA,NODATA,NODATA,06,NODATA,NODATA,NODATA,NODATA
23:20:21.543117,901,8.07955251709,NODATA,45.4901960784,NODATA,#,NODATA,NODATA,49.0196078431,186,NODATA,NODATA,NODATA,NODATA,NODATA,1723.66243795,913,8.07955251709,NODATA,120,1.00662036,NODATA,NODATA,NODATA,NODATA,NODATA,NODATA,NODATA,NODATA,NODATA,NODATA,NODATA,06,NODATA,NODATA,NODATA,NODATA
23:20:27.55279,937,8.70105655687,NODATA,41.568627451,NODATA,#,NODATA,NODATA,38.8235294118,185,NODATA,NODATA,NODATA,NODATA,NODATA,1723.66243795,1000,8.70105655687,NODATA,120,1.06217628,NODATA,NODATA,NODATA,NODATA,NODATA,NODATA,NODATA,NODATA,NODATA,NODATA,NODATA,06,NODATA,NODATA,NODATA,NODATA
23:20:32.565275,975,8.70105655687,NODATA,29.0196078431,NODATA,#,NODATA,NODATA,27.8431372549,185,NODATA,NODATA,NODATA,NODATA,NODATA,1723.66243795,911,8.07955251709,NODATA,120,0.86111676,NODATA,NODATA,NODATA,NODATA,NODATA,NODATA,NODATA,NODATA,NODATA,NODATA,NODATA,06,NODATA,NODATA,NODATA,NODATA
23:20:38.75512,976,8.70105655687,NODATA,63.137254902,NODATA,#,NODATA,NODATA,58.8235294118,185,NODATA,NODATA,NODATA,NODATA,NODATA,1723.66243795,1013,9.32256059664,NODATA,120,1.34392416,NODATA,NODATA,NODATA,NODATA,NODATA,NODATA,NODATA,NODATA,NODATA,NODATA,NODATA,06,NODATA,NODATA,NODATA,NODATA
23:20:43.591576,913,8.07955251709,NODATA,49.8039215686,NODATA,#,NODATA,NODATA,52.1568627451,185,NODATA,NODATA,NODATA,NODATA,NODATA,1723.66243795,956,8.70105655687,NODATA,120,1.05556248,NODATA,NODATA,NODATA,NODATA,NODATA,NODATA,NODATA,NODATA,NODATA,NODATA,NODATA,06,NODATA,NODATA,NODATA,NODATA
23:20:49.116666,927,8.07955251709,NODATA,49.0196078431,NODATA,#,NODATA,NODATA,47.8431372549,185,NODATA,NODATA,NODATA,NODATA,NODATA,1723.66243795,946,8.07955251709,NODATA,120,1.10053632,NODATA,NODATA,NODATA,NODATA,NODATA,NODATA,NODATA,NODATA,NODATA,NODATA,NODATA,06,NODATA,NODATA,NODATA,NODATA
23:20:54.622200,910,8.07955251709,NODATA,30.5882352941,NODATA,#,NODATA,NODATA,35.2941176471,185,NODATA,NODATA,NODATA,NODATA,NODATA,1723.66243795,916,8.07955251709,NODATA,120,0.91402716,NODATA,NODATA,NODATA,NODATA,NODATA,NODATA,NODATA,NODATA,NODATA,NODATA,NODATA,06,NODATA,NODATA,NODATA,NODATA
23:21:0.142541,927,8.07955251709,NODATA,36.4705882353,NODATA,#,NODATA,NODATA,39.6078431373,185,NODATA,NODATA,NODATA,NODATA,NODATA,1723.66243795,884,7.45804847732,NODATA,120,0.9986838,NODATA,NODATA,NODATA,NODATA,NODATA,NODATA,NODATA,NODATA,NODATA,NODATA,NODATA,06,NODATA,NODATA,NODATA,NODATA
23:21:5.656982,998,9.32256059664,NODATA,40.3921568627,NODATA,#,NODATA,NODATA,42.7450980392,185,NODATA,NODATA,NODATA,NODATA,NODATA,1723.66243795,1008,8.70105655687,NODATA,120,1.14815568,NODATA,NODATA,NODATA,NODATA,NODATA,NODATA,NODATA,NODATA,NODATA,NODATA,NODATA,06,NODATA,NODATA,NODATA,NODATA
23:21:11.169125,1256,11.187072716,NODATA,41.9607843137,NODATA,#,NODATA,NODATA,30.5882352941,183,NODATA,NODATA,NODATA,NODATA,NODATA,1723.66243795,1125,9.94406463642,NODATA,122,1.44577668,NODATA,NODATA,NODATA,NODATA,NODATA,NODATA,NODATA,NODATA,NODATA,NODATA,NODATA,06,NODATA,NODATA,NODATA,NODATA
23:21:16.682906,1018,8.70105655687,NODATA,25.4901960784,NODATA,#,NODATA,NODATA,25.8823529412,183,NODATA,NODATA,NODATA,NODATA,NODATA,1723.66243795,925,8.07955251709,NODATA,122,0.91402716,NODATA,NODATA,NODATA,NODATA,NODATA,NODATA,NODATA,NODATA,NODATA,NODATA,NODATA,06,NODATA,NODATA,NODATA,NODATA
23:21:22.198859,1028,9.32256059664,NODATA,37.2549019608,NODATA,#,NODATA,NODATA,36.0784313725,183,NODATA,NODATA,NODATA,NODATA,NODATA,1723.66243795,1019,9.32256059664,NODATA,122,1.01984796,NODATA,NODATA,NODATA,NODATA,NODATA,NODATA,NODATA,NODATA,NODATA,NODATA,NODATA,06,NODATA,NODATA,NODATA,NODATA
23:21:27.710299,1114,9.94406463642,NODATA,48.6274509804,NODATA,#,NODATA,NODATA,47.4509803922,183,NODATA,NODATA,NODATA,NODATA,NODATA,1723.66243795,1149,9.94406463642,NODATA,122,1.29498204,NODATA,NODATA,NODATA,NODATA,NODATA,NODATA,NODATA,NODATA,NODATA,NODATA,NODATA,06,NODATA,NODATA,NODATA,NODATA
23:21:33.218712,1167,10.5655686762,NODATA,27.8431372549,NODATA,#,NODATA,NODATA,33.3333333333,183,NODATA,NODATA,NODATA,NODATA,NODATA,1723.66243795,974,8.70105655687,NODATA,122,0.96429204,NODATA,NODATA,NODATA,NODATA,NODATA,NODATA,NODATA,NODATA,NODATA,NODATA,NODATA,06,NODATA,NODATA,NODATA,NODATA
23:21:38.732316,919,8.07955251709,NODATA,47.4509803922,NODATA,#,NODATA,NODATA,52.9411764706,183,NODATA,NODATA,NODATA,NODATA,NODATA,1723.66243795,1057,9.32256059664,NODATA,122,1.23148956,NODATA,NODATA,NODATA,NODATA,NODATA,NODATA,NODATA,NODATA,NODATA,NODATA,NODATA,06,NODATA,NODATA,NODATA,NODATA
23:21:44.258351,1179,10.5655686762,NODATA,41.568627451,NODATA,#,NODATA,NODATA,53.7254901961,183,NODATA,NODATA,NODATA,NODATA,NODATA,1723.66243795,1131,9.94406463642,NODATA,122,1.42064424,NODATA,NODATA,NODATA,NODATA,NODATA,NODATA,NODATA,NODATA,NODATA,NODATA,NODATA,06,NODATA,NODATA,NODATA,NODATA
23:21:49.778635,941,8.07955251709,NODATA,59.2156862745,NODATA,#,NODATA,NODATA,57.6470588235,183,NODATA,NODATA,NODATA,NODATA,NODATA,1723.66243795,1015,9.32256059664,NODATA,122,1.27778616,NODATA,NODATA,NODATA,NODATA,NODATA,NODATA,NODATA,NODATA,NODATA,NODATA,NODATA,06,NODATA,NODATA,NODATA,NODATA
23:21:55.288293,874,4.97203231821,NODATA,68.6274509804,NODATA,#,NODATA,NODATA,78.8235294118,183,NODATA,NODATA,NODATA,NODATA,NODATA,1723.66243795,886,7.45804847732,NODATA,122,1.08863148,NODATA,NODATA,NODATA,NODATA,NODATA,NODATA,NODATA,NODATA,NODATA,NODATA,NODATA,06,NODATA,NODATA,NODATA,NODATA
23:22:0.801363,1215,10.5655686762,NODATA,3.92156862745,NODATA,#,NODATA,NODATA,6.27450980392,183,NODATA,NODATA,NODATA,NODATA,NODATA,1723.66243795,1114,9.94406463642,NODATA,122,1.4087394,NODATA,NODATA,NODATA,NODATA,NODATA,NODATA,NODATA,NODATA,NODATA,NODATA,NODATA,06,NODATA,NODATA,NODATA,NODATA
23:22:6.322859,1119,9.94406463642,NODATA,35.2941176471,NODATA,#,NODATA,NODATA,51.7647058824,183,NODATA,NODATA,NODATA,NODATA,NODATA,1723.66243795,1235,11.187072716,NODATA,122,1.68387348,NODATA,NODATA,NODATA,NODATA,NODATA,NODATA,NODATA,NODATA,NODATA,NODATA,NODATA,06,NODATA,NODATA,NODATA,NODATA
23:22:12.107697,1595,14.2945929149,NODATA,32.9411764706,NODATA,#,NODATA,NODATA,30.1960784314,183,NODATA,NODATA,NODATA,NODATA,NODATA,1723.66243795,1651,14.9160969546,NODATA,122,1.81614948,NODATA,NODATA,NODATA,NODATA,NODATA,NODATA,NODATA,NODATA,NODATA,NODATA,NODATA,06,NODATA,NODATA,NODATA,NODATA
23:22:17.628884,1529,13.0515848353,NODATA,67.0588235294,NODATA,#,NODATA,NODATA,73.3333333333,183,NODATA,NODATA,NODATA,NODATA,NODATA,1723.66243795,1874,17.4021131137,NODATA,120,2.75001804,NODATA,NODATA,NODATA,NODATA,NODATA,NODATA,NODATA,NODATA,NODATA,NODATA,NODATA,06,NODATA,NODATA,NODATA,NODATA
23:22:23.143123,850,11.8085767557,NODATA,28.2352941176,NODATA,#,NODATA,NODATA,29.8039215686,183,NODATA,NODATA,NODATA,NODATA,NODATA,1723.66243795,851,11.187072716,NODATA,120,0.77778288,NODATA,NODATA,NODATA,NODATA,NODATA,NODATA,NODATA,NODATA,NODATA,NODATA,NODATA,06,NODATA,NODATA,NODATA,NODATA
23:22:28.654832,1170,11.8085767557,NODATA,0.78431372549,NODATA,#,NODATA,NODATA,30.5882352941,183,NODATA,NODATA,NODATA,NODATA,NODATA,1723.66243795,843,9.94406463642,NODATA,120,0.94709616,NODATA,NODATA,NODATA,NODATA,NODATA,NODATA,NODATA,NODATA,NODATA,NODATA,NODATA,06,NODATA,NODATA,NODATA,NODATA
23:22:34.169036,1427,12.4300807955,NODATA,44.3137254902,NODATA,#,NODATA,NODATA,32.9411764706,183,NODATA,NODATA,NODATA,NODATA,NODATA,1723.66243795,1521,13.6730888751,NODATA,120,1.62964032,NODATA,NODATA,NODATA,NODATA,NODATA,NODATA,NODATA,NODATA,NODATA,NODATA,NODATA,06,NODATA,NODATA,NODATA,NODATA
23:22:39.677254,1569,13.6730888751,NODATA,54.1176470588,NODATA,#,NODATA,NODATA,31.3725490196,183,NODATA,NODATA,NODATA,NODATA,NODATA,1723.66243795,1734,15.5376009944,NODATA,120,1.94842548,NODATA,NODATA,NODATA,NODATA,NODATA,NODATA,NODATA,NODATA,NODATA,NODATA,NODATA,06,NODATA,NODATA,NODATA,NODATA
23:22:45.196768,1688,14.9160969546,NODATA,15.2941176471,NODATA,#,NODATA,NODATA,16.862745098,183,NODATA,NODATA,NODATA,NODATA,NODATA,1723.66243795,1640,14.9160969546,NODATA,120,1.88625576,NODATA,NODATA,NODATA,NODATA,NODATA,NODATA,NODATA,NODATA,NODATA,NODATA,NODATA,06,NODATA,NODATA,NODATA,NODATA
23:22:50.711789,850,8.07955251709,NODATA,32.1568627451,NODATA,#,NODATA,NODATA,88.6274509804,183,NODATA,NODATA,NODATA,NODATA,NODATA,1723.66243795,1157,9.94406463642,NODATA,120,1.65477276,NODATA,NODATA,NODATA,NODATA,NODATA,NODATA,NODATA,NODATA,NODATA,NODATA,NODATA,06,NODATA,NODATA,NODATA,NODATA
23:22:56.232438,1768,16.1591050342,NODATA,1.17647058824,NODATA,#,NODATA,NODATA,21.1764705882,181,NODATA,NODATA,NODATA,NODATA,NODATA,1723.66243795,1621,14.2945929149,NODATA,118,2.06615112,NODATA,NODATA,NODATA,NODATA,NODATA,NODATA,NODATA,NODATA,NODATA,NODATA,NODATA,06,NODATA,NODATA,NODATA,NODATA
23:23:1.751509,1759,16.1591050342,NODATA,25.4901960784,NODATA,#,NODATA,NODATA,30.1960784314,183,NODATA,NODATA,NODATA,NODATA,NODATA,1723.66243795,1756,16.1591050342,NODATA,118,1.92329304,NODATA,NODATA,NODATA,NODATA,NODATA,NODATA,NODATA,NODATA,NODATA,NODATA,NODATA,06,NODATA,NODATA,NODATA,NODATA
23:23:7.263968,1839,16.780609074,NODATA,24.3137254902,NODATA,#,NODATA,NODATA,24.3137254902,183,NODATA,NODATA,NODATA,NODATA,NODATA,1723.66243795,1776,16.1591050342,NODATA,116,2.11377048,NODATA,NODATA,NODATA,NODATA,NODATA,NODATA,NODATA,NODATA,NODATA,NODATA,NODATA,06,NODATA,NODATA,NODATA,NODATA
23:23:12.768859,1699,15.5376009944,NODATA,40.7843137255,NODATA,#,NODATA,NODATA,21.568627451,183,NODATA,NODATA,NODATA,NODATA,NODATA,1723.66243795,1860,16.780609074,NODATA,116,2.41271424,NODATA,NODATA,NODATA,NODATA,NODATA,NODATA,NODATA,NODATA,NODATA,NODATA,NODATA,06,NODATA,NODATA,NODATA,NODATA
23:23:18.282405,1962,18.0236171535,NODATA,9.80392156863,NODATA,#,NODATA,NODATA,14.5098039216,183,NODATA,NODATA,NODATA,NODATA,NODATA,1723.66243795,1890,16.780609074,NODATA,116,2.14816224,NODATA,NODATA,NODATA,NODATA,NODATA,NODATA,NODATA,NODATA,NODATA,NODATA,NODATA,06,NODATA,NODATA,NODATA,NODATA
23:23:23.795993,1948,17.4021131137,NODATA,18.0392156863,NODATA,#,NODATA,NODATA,15.2941176471,183,NODATA,NODATA,NODATA,NODATA,NODATA,1723.66243795,1945,17.4021131137,NODATA,114,2.13890292,NODATA,NODATA,NODATA,NODATA,NODATA,NODATA,NODATA,NODATA,NODATA,NODATA,NODATA,06,NODATA,NODATA,NODATA,NODATA
23:23:29.313536,1842,16.780609074,NODATA,21.1764705882,NODATA,#,NODATA,NODATA,1.96078431373,183,NODATA,NODATA,NODATA,NODATA,NODATA,1723.66243795,855,10.5655686762,NODATA,114,0.89418576,NODATA,NODATA,NODATA,NODATA,NODATA,NODATA,NODATA,NODATA,NODATA,NODATA,NODATA,06,NODATA,NODATA,NODATA,NODATA
23:23:34.827097,1110,9.94406463642,NODATA,77.2549019608,NODATA,#,NODATA,NODATA,66.6666666667,183,NODATA,NODATA,NODATA,NODATA,NODATA,1723.66243795,1596,14.2945929149,NODATA,114,2.54895852,NODATA,NODATA,NODATA,NODATA,NODATA,NODATA,NODATA,NODATA,NODATA,NODATA,NODATA,06,NODATA,NODATA,NODATA,NODATA
23:23:40.339310,1831,16.1591050342,NODATA,36.862745098,NODATA,#,NODATA,NODATA,39.2156862745,183,NODATA,NODATA,NODATA,NODATA,NODATA,1723.66243795,1904,17.4021131137,NODATA,114,2.1031884,NODATA,NODATA,NODATA,NODATA,NODATA,NODATA,NODATA,NODATA,NODATA,NODATA,NODATA,06,NODATA,NODATA,NODATA,NODATA
23:23:45.857998,1911,16.780609074,NODATA,48.6274509804,NODATA,#,NODATA,NODATA,32.9411764706,183,NODATA,NODATA,NODATA,NODATA,NODATA,1723.66243795,840,9.32256059664,NODATA,114,0.92990028,NODATA,NODATA,NODATA,NODATA,NODATA,NODATA,NODATA,NODATA,NODATA,NODATA,NODATA,06,NODATA,NODATA,NODATA,NODATA
23:23:51.361510,1380,11.8085767557,NODATA,68.6274509804,NODATA,#,NODATA,NODATA,73.7254901961,183,NODATA,NODATA,NODATA,NODATA,NODATA,1723.66243795,1940,17.4021131137,NODATA,114,3.74870184,NODATA,NODATA,NODATA,NODATA,NODATA,NODATA,NODATA,NODATA,NODATA,NODATA,NODATA,06,NODATA,NODATA,NODATA,NODATA
23:23:56.878840,1645,14.9160969546,NODATA,10.5882352941,NODATA,#,NODATA,NODATA,1.17647058824,183,NODATA,NODATA,NODATA,NODATA,NODATA,1723.66243795,851,12.4300807955,NODATA,113,0.9391596,NODATA,NODATA,NODATA,NODATA,NODATA,NODATA,NODATA,NODATA,NODATA,NODATA,NODATA,06,NODATA,NODATA,NODATA,NODATA
23:24:2.392595,999,8.70105655687,NODATA,80.0,NODATA,#,NODATA,NODATA,80.3921568627,183,NODATA,NODATA,NODATA,NODATA,NODATA,1723.66243795,1289,11.187072716,NODATA,114,1.98017172,NODATA,NODATA,NODATA,NODATA,NODATA,NODATA,NODATA,NODATA,NODATA,NODATA,NODATA,06,NODATA,NODATA,NODATA,NODATA
23:24:7.904350,1042,8.07955251709,NODATA,49.8039215686,NODATA,#,NODATA,NODATA,71.3725490196,183,NODATA,NODATA,NODATA,NODATA,NODATA,1723.66243795,1460,13.0515848353,NODATA,114,2.3677404,NODATA,NODATA,NODATA,NODATA,NODATA,NODATA,NODATA,NODATA,NODATA,NODATA,NODATA,06,NODATA,NODATA,NODATA,NODATA
23:24:13.419326,1763,15.5376009944,NODATA,41.9607843137,NODATA,#,NODATA,NODATA,24.3137254902,185,NODATA,NODATA,NODATA,NODATA,NODATA,1723.66243795,1812,16.1591050342,NODATA,114,1.92990684,NODATA,NODATA,NODATA,NODATA,NODATA,NODATA,NODATA,NODATA,NODATA,NODATA,NODATA,06,NODATA,NODATA,NODATA,NODATA
23:24:18.939275,1810,16.1591050342,NODATA,48.6274509804,NODATA,#,NODATA,NODATA,44.3137254902,185,NODATA,NODATA,NODATA,NODATA,NODATA,1723.66243795,2014,18.0236171535,NODATA,113,2.46562464,NODATA,NODATA,NODATA,NODATA,NODATA,NODATA,NODATA,NODATA,NODATA,NODATA,NODATA,06,NODATA,NODATA,NODATA,NODATA
23:24:24.449486,1889,16.780609074,NODATA,27.8431372549,NODATA,#,NODATA,NODATA,27.8431372549,183,NODATA,NODATA,NODATA,NODATA,NODATA,1723.66243795,1783,16.1591050342,NODATA,113,2.09922012,NODATA,NODATA,NODATA,NODATA,NODATA,NODATA,NODATA,NODATA,NODATA,NODATA,NODATA,06,NODATA,NODATA,NODATA,NODATA
23:24:29.971619,2168,19.8881292728,NODATA,26.2745098039,NODATA,#,NODATA,NODATA,26.6666666667,183,NODATA,NODATA,NODATA,NODATA,NODATA,1723.66243795,2121,19.2666252331,NODATA,111,2.14683948,NODATA,NODATA,NODATA,NODATA,NODATA,NODATA,NODATA,NODATA,NODATA,NODATA,NODATA,06,NODATA,NODATA,NODATA,NODATA
23:24:35.489154,1745,15.5376009944,NODATA,10.9803921569,NODATA,#,NODATA,NODATA,11.7647058824,183,NODATA,NODATA,NODATA,NODATA,NODATA,1723.66243795,1701,15.5376009944,NODATA,111,2.05424628,NODATA,NODATA,NODATA,NODATA,NODATA,NODATA,NODATA,NODATA,NODATA,NODATA,NODATA,06,NODATA,NODATA,NODATA,NODATA
23:24:41.11085,1858,16.780609074,NODATA,38.8235294118,NODATA,#,NODATA,NODATA,35.2941176471,183,NODATA,NODATA,NODATA,NODATA,NODATA,1723.66243795,1885,17.4021131137,NODATA,111,2.14419396,NODATA,NODATA,NODATA,NODATA,NODATA,NODATA,NODATA,NODATA,NODATA,NODATA,NODATA,06,NODATA,NODATA,NODATA,NODATA
23:24:46.535058,1683,15.5376009944,NODATA,27.0588235294,NODATA,#,NODATA,NODATA,31.3725490196,183,NODATA,NODATA,NODATA,NODATA,NODATA,1723.66243795,1803,16.1591050342,NODATA,111,2.29234308,NODATA,NODATA,NODATA,NODATA,NODATA,NODATA,NODATA,NODATA,NODATA,NODATA,NODATA,06,NODATA,NODATA,NODATA,NODATA
23:24:52.58115,1811,16.1591050342,NODATA,26.2745098039,NODATA,#,NODATA,NODATA,22.7450980392,183,NODATA,NODATA,NODATA,NODATA,NODATA,1723.66243795,1762,16.1591050342,NODATA,111,1.93652064,NODATA,NODATA,NODATA,NODATA,NODATA,NODATA,NODATA,NODATA,NODATA,NODATA,NODATA,06,NODATA,NODATA,NODATA,NODATA
23:24:57.562287,1579,14.2945929149,NODATA,28.2352941176,NODATA,#,NODATA,NODATA,38.0392156863,183,NODATA,NODATA,NODATA,NODATA,NODATA,1723.66243795,1799,16.1591050342,NODATA,109,2.56218612,NODATA,NODATA,NODATA,NODATA,NODATA,NODATA,NODATA,NODATA,NODATA,NODATA,NODATA,06,NODATA,NODATA,NODATA,NODATA
23:25:3.70961,1802,16.780609074,NODATA,17.6470588235,NODATA,#,NODATA,NODATA,0.0,183,NODATA,NODATA,NODATA,NODATA,NODATA,1723.66243795,849,11.187072716,NODATA,109,0.94841892,NODATA,NODATA,NODATA,NODATA,NODATA,NODATA,NODATA,NODATA,NODATA,NODATA,NODATA,06,NODATA,NODATA,NODATA,NODATA
23:25:8.588484,816,6.83654443754,NODATA,73.3333333333,NODATA,#,NODATA,NODATA,83.137254902,183,NODATA,NODATA,NODATA,NODATA,NODATA,1723.66243795,1083,9.32256059664,NODATA,111,1.44974496,NODATA,NODATA,NODATA,NODATA,NODATA,NODATA,NODATA,NODATA,NODATA,NODATA,NODATA,06,NODATA,NODATA,NODATA,NODATA
23:25:14.107872,1760,15.5376009944,NODATA,85.4901960784,NODATA,#,NODATA,NODATA,18.0392156863,183,NODATA,NODATA,NODATA,NODATA,NODATA,1723.66243795,2033,18.0236171535,NODATA,109,2.20504092,NODATA,NODATA,NODATA,NODATA,NODATA,NODATA,NODATA,NODATA,NODATA,NODATA,NODATA,06,NODATA,NODATA,NODATA,NODATA
23:25:19.619273,892,18.6451211933,NODATA,28.6274509804,NODATA,#,NODATA,NODATA,28.2352941176,183,NODATA,NODATA,NODATA,NODATA,NODATA,1723.66243795,855,18.6451211933,NODATA,109,0.81217464,NODATA,NODATA,NODATA,NODATA,NODATA,NODATA,NODATA,NODATA,NODATA,NODATA,NODATA,06,NODATA,NODATA,NODATA,NODATA
23:25:25.132726,839,16.780609074,NODATA,29.4117647059,NODATA,#,NODATA,NODATA,29.8039215686,183,NODATA,NODATA,NODATA,NODATA,NODATA,1723.66243795,864,14.9160969546,NODATA,111,0.93519132,NODATA,NODATA,NODATA,NODATA,NODATA,NODATA,NODATA,NODATA,NODATA,NODATA,NODATA,06,NODATA,NODATA,NODATA,NODATA
23:25:30.657718,1599,14.2945929149,NODATA,5.88235294118,NODATA,#,NODATA,NODATA,8.62745098039,183,NODATA,NODATA,NODATA,NODATA,NODATA,1723.66243795,1488,13.0515848353,NODATA,109,2.27117892,NODATA,NODATA,NODATA,NODATA,NODATA,NODATA,NODATA,NODATA,NODATA,NODATA,NODATA,06,NODATA,NODATA,NODATA,NODATA
23:25:36.180128,851,7.45804847732,NODATA,40.3921568627,NODATA,#,NODATA,NODATA,67.0588235294,183,NODATA,NODATA,NODATA,NODATA,NODATA,1723.66243795,1119,9.94406463642,NODATA,111,1.64419068,NODATA,NODATA,NODATA,NODATA,NODATA,NODATA,NODATA,NODATA,NODATA,NODATA,NODATA,06,NODATA,NODATA,NODATA,NODATA
23:25:41.692707,1722,19.2666252331,NODATA,0.0,NODATA,#,NODATA,NODATA,16.862745098,183,NODATA,NODATA,NODATA,NODATA,NODATA,1723.66243795,852,18.6451211933,NODATA,109,0.86905332,NODATA,NODATA,NODATA,NODATA,NODATA,NODATA,NODATA,NODATA,NODATA,NODATA,NODATA,06,NODATA,NODATA,NODATA,NODATA
23:25:47.208006,846,11.8085767557,NODATA,29.8039215686,NODATA,#,NODATA,NODATA,18.8235294118,183,NODATA,NODATA,NODATA,NODATA,NODATA,1723.66243795,1262,11.187072716,NODATA,111,1.51985124,NODATA,NODATA,NODATA,NODATA,NODATA,NODATA,NODATA,NODATA,NODATA,NODATA,NODATA,06,NODATA,NODATA,NODATA,NODATA
23:25:52.723511,1096,9.94406463642,NODATA,78.431372549,NODATA,#,NODATA,NODATA,68.6274509804,183,NODATA,NODATA,NODATA,NODATA,NODATA,1723.66243795,997,13.6730888751,NODATA,109,1.03704384,NODATA,NODATA,NODATA,NODATA,NODATA,NODATA,NODATA,NODATA,NODATA,NODATA,NODATA,06,NODATA,NODATA,NODATA,NODATA
23:25:58.230979,1377,11.8085767557,NODATA,67.4509803922,NODATA,#,NODATA,NODATA,78.0392156863,183,NODATA,NODATA,NODATA,NODATA,NODATA,1723.66243795,2180,19.2666252331,NODATA,109,5.28707172,NODATA,NODATA,NODATA,NODATA,NODATA,NODATA,NODATA,NODATA,NODATA,NODATA,NODATA,06,NODATA,NODATA,NODATA,NODATA
23:26:3.745596,850,0.621504039776,NODATA,27.4509803922,NODATA,#,NODATA,NODATA,76.0784313725,183,NODATA,NODATA,NODATA,NODATA,NODATA,1723.66243795,1177,5.59353635799,NODATA,109,1.73149284,NODATA,NODATA,NODATA,NODATA,NODATA,NODATA,NODATA,NODATA,NODATA,NODATA,NODATA,06,NODATA,NODATA,NODATA,NODATA
23:26:9.250559,1633,14.2945929149,NODATA,80.7843137255,NODATA,#,NODATA,NODATA,85.4901960784,183,NODATA,NODATA,NODATA,NODATA,NODATA,1723.66243795,2316,21.1311373524,NODATA,109,3.35055108,NODATA,NODATA,NODATA,NODATA,NODATA,NODATA,NODATA,NODATA,NODATA,NODATA,NODATA,06,NODATA,NODATA,NODATA,NODATA
23:26:14.771151,891,1.86451211933,NODATA,18.431372549,NODATA,#,NODATA,NODATA,21.9607843137,185,NODATA,NODATA,NODATA,NODATA,NODATA,1723.66243795,788,3.72902423866,NODATA,114,0.76455528,NODATA,NODATA,NODATA,NODATA,NODATA,NODATA,NODATA,NODATA,NODATA,NODATA,NODATA,06,NODATA,NODATA,NODATA,NODATA
23:26:20.285234,1253,10.5655686762,NODATA,69.8039215686,NODATA,#,NODATA,NODATA,70.1960784314,185,NODATA,NODATA,NODATA,NODATA,NODATA,1723.66243795,2040,18.0236171535,NODATA,111,4.47225156,NODATA,NODATA,NODATA,NODATA,NODATA,NODATA,NODATA,NODATA,NODATA,NODATA,NODATA,06,NODATA,NODATA,NODATA,NODATA
23:26:25.804955,2252,30.453697949,NODATA,24.3137254902,NODATA,#,NODATA,NODATA,0.0,185,NODATA,NODATA,NODATA,NODATA,NODATA,1723.66243795,0,10.5655686762,NODATA,113,0.51852192,NODATA,NODATA,NODATA,NODATA,NODATA,NODATA,NODATA,NODATA,NODATA,NODATA,NODATA,06,NODATA,NODATA,NODATA,NODATA
23:26:31.316179,869,11.8085767557,NODATA,74.5098039216,NODATA,#,NODATA,NODATA,77.6470588235,185,NODATA,NODATA,NODATA,NODATA,NODATA,1723.66243795,1097,14.9160969546,NODATA,113,1.4616498,NODATA,NODATA,NODATA,NODATA,NODATA,NODATA,NODATA,NODATA,NODATA,NODATA,NODATA,06,NODATA,NODATA,NODATA,NODATA
23:26:36.839213,1394,18.6451211933,NODATA,12.1568627451,NODATA,#,NODATA,NODATA,1.56862745098,185,NODATA,NODATA,NODATA,NODATA,NODATA,1723.66243795,851,14.9160969546,NODATA,111,0.89683128,NODATA,NODATA,NODATA,NODATA,NODATA,NODATA,NODATA,NODATA,NODATA,NODATA,NODATA,06,NODATA,NODATA,NODATA,NODATA
23:26:42.347181,1386,12.4300807955,NODATA,67.0588235294,NODATA,#,NODATA,NODATA,73.3333333333,185,NODATA,NODATA,NODATA,NODATA,NODATA,1723.66243795,1778,15.5376009944,NODATA,109,3.2143068,NODATA,NODATA,NODATA,NODATA,NODATA,NODATA,NODATA,NODATA,NODATA,NODATA,NODATA,06,NODATA,NODATA,NODATA,NODATA
23:26:47.865426,2911,26.7246737104,NODATA,36.862745098,NODATA,#,NODATA,NODATA,90.5882352941,185,NODATA,NODATA,NODATA,NODATA,NODATA,1723.66243795,0,4.35052827843,NODATA,111,0.68651244,NODATA,NODATA,NODATA,NODATA,NODATA,NODATA,NODATA,NODATA,NODATA,NODATA,NODATA,06,NODATA,NODATA,NODATA,NODATA
23:26:53.373084,0,0.0,NODATA,0.0,NODATA,#,NODATA,NODATA,0.0,185,NODATA,NODATA,NODATA,NODATA,NODATA,1723.66243795,0,0.0,NODATA,118,0.22354644,NODATA,NODATA,NODATA,NODATA,NODATA,NODATA,NODATA,NODATA,NODATA,NODATA,NODATA,06,NODATA,NODATA,NODATA,NODATA
23:26:58.894921,0,0.0,NODATA,0.0,NODATA,#,NODATA,NODATA,0.0,185,NODATA,NODATA,NODATA,NODATA,NODATA,1723.66243795,0,0.0,NODATA,120,0.07010628,NODATA,NODATA,NODATA,NODATA,NODATA,NODATA,NODATA,NODATA,NODATA,NODATA,NODATA,06,NODATA,NODATA,NODATA,NODATA
23:27:4.404252,0,0.0,NODATA,0.0,NODATA,#,NODATA,NODATA,0.0,185,NODATA,NODATA,NODATA,NODATA,NODATA,1723.66243795,0,0.0,NODATA,120,0.066138,NODATA,NODATA,NODATA,NODATA,NODATA,NODATA,NODATA,NODATA,NODATA,NODATA,NODATA,06,NODATA,NODATA,NODATA,NODATA
23:27:9.912069,0,0.0,NODATA,0.0,NODATA,#,NODATA,NODATA,0.0,185,NODATA,NODATA,NODATA,NODATA,NODATA,1723.66243795,0,0.0,NODATA,120,0.066138,NODATA,NODATA,NODATA,NODATA,NODATA,NODATA,NODATA,NODATA,NODATA,NODATA,NODATA,06,NODATA,NODATA,NODATA,NODATA
23:27:15.425735,0,0.0,NODATA,0.0,NODATA,#,NODATA,NODATA,0.0,183,NODATA,NODATA,NODATA,NODATA,NODATA,1723.66243795,0,0.0,NODATA,122,0.066138,NODATA,NODATA,NODATA,NODATA,NODATA,NODATA,NODATA,NODATA,NODATA,NODATA,NODATA,06,NODATA,NODATA,NODATA,NODATA